hubmap_id	landing_page_to_register	data_information_page	doi
HBM963.TBFP.428	https://entity.api.hubmapconsortium.org/redirect/HBM963.TBFP.428	https://cdn.humanatlas.io/hra-releases/v1.0/docs/asct-b/bone-marrow-and-blood.html         	https://doi.org/10.48539/HBM963.TBFP.428
HBM264.CCRF.525	https://entity.api.hubmapconsortium.org/redirect/HBM264.CCRF.525	https://cdn.humanatlas.io/hra-releases/v1.0/docs/asct-b/brain.html                         	https://doi.org/10.48539/HBM264.CCRF.525
HBM873.NNVD.559	https://entity.api.hubmapconsortium.org/redirect/HBM873.NNVD.559	https://cdn.humanatlas.io/hra-releases/v1.0/docs/asct-b/heart.html                         	https://doi.org/10.48539/HBM873.NNVD.559
HBM287.KVCD.758	https://entity.api.hubmapconsortium.org/redirect/HBM287.KVCD.758	https://cdn.humanatlas.io/hra-releases/v1.0/docs/asct-b/intestine-large.html               	https://doi.org/10.48539/HBM287.KVCD.758
HBM325.PTQS.258	https://entity.api.hubmapconsortium.org/redirect/HBM325.PTQS.258	https://cdn.humanatlas.io/hra-releases/v1.0/docs/asct-b/kidney.html                        	https://doi.org/10.48539/HBM325.PTQS.258
HBM868.DWJZ.874	https://entity.api.hubmapconsortium.org/redirect/HBM868.DWJZ.874	https://cdn.humanatlas.io/hra-releases/v1.0/docs/asct-b/lung.html                          	https://doi.org/10.48539/HBM868.DWJZ.874
HBM375.LMPC.837	https://entity.api.hubmapconsortium.org/redirect/HBM375.LMPC.837	https://cdn.humanatlas.io/hra-releases/v1.0/docs/asct-b/lymph-node.html                    	https://doi.org/10.48539/HBM375.LMPC.837
HBM227.WHPG.367	https://entity.api.hubmapconsortium.org/redirect/HBM227.WHPG.367	https://cdn.humanatlas.io/hra-releases/v1.0/docs/asct-b/skin.html                          	https://doi.org/10.48539/HBM227.WHPG.367
HBM625.VPLJ.455	https://entity.api.hubmapconsortium.org/redirect/HBM625.VPLJ.455	https://cdn.humanatlas.io/hra-releases/v1.0/docs/asct-b/spleen.html                        	https://doi.org/10.48539/HBM625.VPLJ.455
HBM934.JMVN.957	https://entity.api.hubmapconsortium.org/redirect/HBM934.JMVN.957	https://cdn.humanatlas.io/hra-releases/v1.0/docs/asct-b/thymus.html                        	https://doi.org/10.48539/HBM934.JMVN.957
HBM426.GZPN.888	https://entity.api.hubmapconsortium.org/redirect/HBM426.GZPN.888	https://cdn.humanatlas.io/hra-releases/v1.0/docs/asct-b/vasculature.html                   	https://doi.org/10.48539/HBM426.GZPN.888
HBM438.XKJT.666	https://entity.api.hubmapconsortium.org/redirect/HBM438.XKJT.666	https://cdn.humanatlas.io/hra-releases/v1.0/docs/ref-organs/brain-female.html              	https://doi.org/10.48539/HBM438.XKJT.666
HBM927.XKJR.426	https://entity.api.hubmapconsortium.org/redirect/HBM927.XKJR.426	https://cdn.humanatlas.io/hra-releases/v1.0/docs/ref-organs/brain-male.html                	https://doi.org/10.48539/HBM927.XKJR.426
HBM894.FGQN.237	https://entity.api.hubmapconsortium.org/redirect/HBM894.FGQN.237	https://cdn.humanatlas.io/hra-releases/v1.0/docs/ref-organs/heart-female.html              	https://doi.org/10.48539/HBM894.FGQN.237
HBM384.FDPD.646	https://entity.api.hubmapconsortium.org/redirect/HBM384.FDPD.646	https://cdn.humanatlas.io/hra-releases/v1.0/docs/ref-organs/heart-male.html                	https://doi.org/10.48539/HBM384.FDPD.646
HBM734.KXRL.243	https://entity.api.hubmapconsortium.org/redirect/HBM734.KXRL.243	https://cdn.humanatlas.io/hra-releases/v1.0/docs/ref-organs/intestine-large-female.html    	https://doi.org/10.48539/HBM734.KXRL.243
HBM235.QFTP.824	https://entity.api.hubmapconsortium.org/redirect/HBM235.QFTP.824	https://cdn.humanatlas.io/hra-releases/v1.0/docs/ref-organs/intestine-large-male.html      	https://doi.org/10.48539/HBM235.QFTP.824
HBM765.JWFB.892	https://entity.api.hubmapconsortium.org/redirect/HBM765.JWFB.892	https://cdn.humanatlas.io/hra-releases/v1.0/docs/ref-organs/kidney-female-left.html        	https://doi.org/10.48539/HBM765.JWFB.892
HBM726.HWKT.534	https://entity.api.hubmapconsortium.org/redirect/HBM726.HWKT.534	https://cdn.humanatlas.io/hra-releases/v1.0/docs/ref-organs/kidney-female-right.html       	https://doi.org/10.48539/HBM726.HWKT.534
HBM792.NPXX.335	https://entity.api.hubmapconsortium.org/redirect/HBM792.NPXX.335	https://cdn.humanatlas.io/hra-releases/v1.0/docs/ref-organs/kidney-male-left.html          	https://doi.org/10.48539/HBM792.NPXX.335
HBM693.RTRN.866	https://entity.api.hubmapconsortium.org/redirect/HBM693.RTRN.866	https://cdn.humanatlas.io/hra-releases/v1.0/docs/ref-organs/kidney-male-right.html         	https://doi.org/10.48539/HBM693.RTRN.866
HBM467.NHKR.974	https://entity.api.hubmapconsortium.org/redirect/HBM467.NHKR.974	https://cdn.humanatlas.io/hra-releases/v1.0/docs/ref-organs/lung-female.html               	https://doi.org/10.48539/HBM467.NHKR.974
HBM373.VPSC.692	https://entity.api.hubmapconsortium.org/redirect/HBM373.VPSC.692	https://cdn.humanatlas.io/hra-releases/v1.0/docs/ref-organs/lung-male.html                 	https://doi.org/10.48539/HBM373.VPSC.692
HBM897.HVMV.989	https://entity.api.hubmapconsortium.org/redirect/HBM897.HVMV.989	https://cdn.humanatlas.io/hra-releases/v1.0/docs/ref-organs/lymph-node-female-left.html    	https://doi.org/10.48539/HBM897.HVMV.989
HBM439.ZTGH.778	https://entity.api.hubmapconsortium.org/redirect/HBM439.ZTGH.778	https://cdn.humanatlas.io/hra-releases/v1.0/docs/ref-organs/lymph-node-female-right.html   	https://doi.org/10.48539/HBM439.ZTGH.778
HBM668.RBLW.256	https://entity.api.hubmapconsortium.org/redirect/HBM668.RBLW.256	https://cdn.humanatlas.io/hra-releases/v1.0/docs/ref-organs/lymph-node-male-left.html      	https://doi.org/10.48539/HBM668.RBLW.256
HBM699.BLKS.298	https://entity.api.hubmapconsortium.org/redirect/HBM699.BLKS.298	https://cdn.humanatlas.io/hra-releases/v1.0/docs/ref-organs/lymph-node-male-right.html     	https://doi.org/10.48539/HBM699.BLKS.298
HBM539.RRDB.894	https://entity.api.hubmapconsortium.org/redirect/HBM539.RRDB.894	https://cdn.humanatlas.io/hra-releases/v1.0/docs/ref-organs/pelvis-female.html             	https://doi.org/10.48539/HBM539.RRDB.894
HBM672.KSST.448	https://entity.api.hubmapconsortium.org/redirect/HBM672.KSST.448	https://cdn.humanatlas.io/hra-releases/v1.0/docs/ref-organs/pelvis-male.html               	https://doi.org/10.48539/HBM672.KSST.448
HBM287.TJZD.872	https://entity.api.hubmapconsortium.org/redirect/HBM287.TJZD.872	https://cdn.humanatlas.io/hra-releases/v1.0/docs/ref-organs/skin-female.html               	https://doi.org/10.48539/HBM287.TJZD.872
HBM689.CGPV.442	https://entity.api.hubmapconsortium.org/redirect/HBM689.CGPV.442	https://cdn.humanatlas.io/hra-releases/v1.0/docs/ref-organs/skin-male.html                 	https://doi.org/10.48539/HBM689.CGPV.442
HBM626.WZGS.532	https://entity.api.hubmapconsortium.org/redirect/HBM626.WZGS.532	https://cdn.humanatlas.io/hra-releases/v1.0/docs/ref-organs/spleen-female.html             	https://doi.org/10.48539/HBM626.WZGS.532
HBM583.DRHV.265	https://entity.api.hubmapconsortium.org/redirect/HBM583.DRHV.265	https://cdn.humanatlas.io/hra-releases/v1.0/docs/ref-organs/spleen-male.html               	https://doi.org/10.48539/HBM583.DRHV.265
HBM896.TWPT.542	https://entity.api.hubmapconsortium.org/redirect/HBM896.TWPT.542	https://cdn.humanatlas.io/hra-releases/v1.0/docs/ref-organs/thymus-female.html             	https://doi.org/10.48539/HBM896.TWPT.542
HBM955.BGTP.947	https://entity.api.hubmapconsortium.org/redirect/HBM955.BGTP.947	https://cdn.humanatlas.io/hra-releases/v1.0/docs/ref-organs/thymus-male.html               	https://doi.org/10.48539/HBM955.BGTP.947
HBM253.DKWB.737	https://entity.api.hubmapconsortium.org/redirect/HBM253.DKWB.737	https://cdn.humanatlas.io/hra-releases/v1.0/docs/ref-organs/vasculature-female.html        	https://doi.org/10.48539/HBM253.DKWB.737
HBM784.ZDZF.357	https://entity.api.hubmapconsortium.org/redirect/HBM784.ZDZF.357	https://cdn.humanatlas.io/hra-releases/v1.0/docs/ref-organs/vasculature-male.html          	https://doi.org/10.48539/HBM784.ZDZF.357
HBM527.RCXM.366	https://entity.api.hubmapconsortium.org/redirect/HBM527.RCXM.366	https://cdn.humanatlas.io/hra-releases/v1.0/docs/ref-organs/asctb-3d-models-mapping.html	https://doi.org/10.48539/HBM527.RCXM.366
HBM263.FWKR.367	https://entity.api.hubmapconsortium.org/redirect/HBM263.FWKR.367	https://cdn.humanatlas.io/hra-releases/v1.1/docs/ref-organs/asctb-3d-models-mapping.html	https://doi.org/10.48539/HBM263.FWKR.367
HBM957.CKRV.896	https://entity.api.hubmapconsortium.org/redirect/HBM957.CKRV.896	https://cdn.humanatlas.io/hra-releases/v1.1/docs/asct-b/blood-pelvis.html	https://doi.org/10.48539/HBM957.CKRV.896
HBM692.WVQX.752	https://entity.api.hubmapconsortium.org/redirect/HBM692.WVQX.752	https://cdn.humanatlas.io/hra-releases/v1.1/docs/asct-b/bone-marrow-pelvis.html	https://doi.org/10.48539/HBM692.WVQX.752
HBM477.RWSM.936	https://entity.api.hubmapconsortium.org/redirect/HBM477.RWSM.936	https://cdn.humanatlas.io/hra-releases/v1.1/docs/asct-b/brain.html	https://doi.org/10.48539/HBM477.RWSM.936
HBM876.HSSQ.977	https://entity.api.hubmapconsortium.org/redirect/HBM876.HSSQ.977	https://cdn.humanatlas.io/hra-releases/v1.1/docs/asct-b/heart.html	https://doi.org/10.48539/HBM876.HSSQ.977
HBM325.NZPB.589	https://entity.api.hubmapconsortium.org/redirect/HBM325.NZPB.589	https://cdn.humanatlas.io/hra-releases/v1.1/docs/asct-b/large-intestine.html	https://doi.org/10.48539/HBM325.NZPB.589
HBM673.ZZDK.622	https://entity.api.hubmapconsortium.org/redirect/HBM673.ZZDK.622	https://cdn.humanatlas.io/hra-releases/v1.1/docs/asct-b/kidney.html	https://doi.org/10.48539/HBM673.ZZDK.622
HBM323.SGDF.945	https://entity.api.hubmapconsortium.org/redirect/HBM323.SGDF.945	https://cdn.humanatlas.io/hra-releases/v1.1/docs/asct-b/lung.html	https://doi.org/10.48539/HBM323.SGDF.945
HBM573.SHCQ.259	https://entity.api.hubmapconsortium.org/redirect/HBM573.SHCQ.259	https://cdn.humanatlas.io/hra-releases/v1.1/docs/asct-b/lymph-node.html	https://doi.org/10.48539/HBM573.SHCQ.259
HBM423.RTRR.746	https://entity.api.hubmapconsortium.org/redirect/HBM423.RTRR.746	https://cdn.humanatlas.io/hra-releases/v1.1/docs/asct-b/skin.html	https://doi.org/10.48539/HBM423.RTRR.746
HBM582.WJWX.929	https://entity.api.hubmapconsortium.org/redirect/HBM582.WJWX.929	https://cdn.humanatlas.io/hra-releases/v1.1/docs/asct-b/spleen.html	https://doi.org/10.48539/HBM582.WJWX.929
HBM392.LPKF.942	https://entity.api.hubmapconsortium.org/redirect/HBM392.LPKF.942	https://cdn.humanatlas.io/hra-releases/v1.1/docs/asct-b/thymus.html	https://doi.org/10.48539/HBM392.LPKF.942
HBM655.DGSW.887	https://entity.api.hubmapconsortium.org/redirect/HBM655.DGSW.887	https://cdn.humanatlas.io/hra-releases/v1.1/docs/asct-b/blood-vasculature.html	https://doi.org/10.48539/HBM655.DGSW.887
HBM369.RBVN.935	https://entity.api.hubmapconsortium.org/redirect/HBM369.RBVN.935	https://cdn.humanatlas.io/hra-releases/v1.1/docs/asct-b/eye.html	https://doi.org/10.48539/HBM369.RBVN.935
HBM579.XTKX.649	https://entity.api.hubmapconsortium.org/redirect/HBM579.XTKX.649	https://cdn.humanatlas.io/hra-releases/v1.1/docs/asct-b/fallopian-tube.html	https://doi.org/10.48539/HBM579.XTKX.649
HBM533.JRGW.354	https://entity.api.hubmapconsortium.org/redirect/HBM533.JRGW.354	https://cdn.humanatlas.io/hra-releases/v1.1/docs/asct-b/knee.html	https://doi.org/10.48539/HBM533.JRGW.354
HBM476.BQCC.574	https://entity.api.hubmapconsortium.org/redirect/HBM476.BQCC.574	https://cdn.humanatlas.io/hra-releases/v1.1/docs/asct-b/liver.html	https://doi.org/10.48539/HBM476.BQCC.574
HBM559.TDMB.283	https://entity.api.hubmapconsortium.org/redirect/HBM559.TDMB.283	https://cdn.humanatlas.io/hra-releases/v1.1/docs/asct-b/lymph-vasculature.html	https://doi.org/10.48539/HBM559.TDMB.283
HBM643.BVHM.572	https://entity.api.hubmapconsortium.org/redirect/HBM643.BVHM.572	https://cdn.humanatlas.io/hra-releases/v1.1/docs/asct-b/ovary.html	https://doi.org/10.48539/HBM643.BVHM.572
HBM332.TMXM.592	https://entity.api.hubmapconsortium.org/redirect/HBM332.TMXM.592	https://cdn.humanatlas.io/hra-releases/v1.1/docs/asct-b/pancreas.html	https://doi.org/10.48539/HBM332.TMXM.592
HBM462.NJKR.937	https://entity.api.hubmapconsortium.org/redirect/HBM462.NJKR.937	https://cdn.humanatlas.io/hra-releases/v1.1/docs/asct-b/peripheral-nervous-system.html	https://doi.org/10.48539/HBM462.NJKR.937
HBM835.WCGP.479	https://entity.api.hubmapconsortium.org/redirect/HBM835.WCGP.479	https://cdn.humanatlas.io/hra-releases/v1.1/docs/asct-b/prostate.html	https://doi.org/10.48539/HBM835.WCGP.479
HBM736.PJQV.368	https://entity.api.hubmapconsortium.org/redirect/HBM736.PJQV.368	https://cdn.humanatlas.io/hra-releases/v1.1/docs/asct-b/small-intestine.html	https://doi.org/10.48539/HBM736.PJQV.368
HBM882.LRSF.394	https://entity.api.hubmapconsortium.org/redirect/HBM882.LRSF.394	https://cdn.humanatlas.io/hra-releases/v1.1/docs/asct-b/ureter.html	https://doi.org/10.48539/HBM882.LRSF.394
HBM546.CKGW.888	https://entity.api.hubmapconsortium.org/redirect/HBM546.CKGW.888	https://cdn.humanatlas.io/hra-releases/v1.1/docs/asct-b/urinary-bladder.html	https://doi.org/10.48539/HBM546.CKGW.888
HBM265.DQZW.372	https://entity.api.hubmapconsortium.org/redirect/HBM265.DQZW.372	https://cdn.humanatlas.io/hra-releases/v1.1/docs/asct-b/uterus.html	https://doi.org/10.48539/HBM265.DQZW.372
HBM333.RJDF.478	https://entity.api.hubmapconsortium.org/redirect/HBM333.RJDF.478	https://cdn.humanatlas.io/hra-releases/v1.1/docs/ref-organs/pelvis-male.html	https://doi.org/10.48539/HBM333.RJDF.478
HBM678.LPCR.586	https://entity.api.hubmapconsortium.org/redirect/HBM678.LPCR.586	https://cdn.humanatlas.io/hra-releases/v1.1/docs/ref-organs/pelvis-female.html	https://doi.org/10.48539/HBM678.LPCR.586
HBM246.TXGH.789	https://entity.api.hubmapconsortium.org/redirect/HBM246.TXGH.789	https://cdn.humanatlas.io/hra-releases/v1.1/docs/ref-organs/brain-male.html	https://doi.org/10.48539/HBM246.TXGH.789
HBM724.XTTN.487	https://entity.api.hubmapconsortium.org/redirect/HBM724.XTTN.487	https://cdn.humanatlas.io/hra-releases/v1.1/docs/ref-organs/brain-female.html	https://doi.org/10.48539/HBM724.XTTN.487
HBM626.PBQL.796	https://entity.api.hubmapconsortium.org/redirect/HBM626.PBQL.796	https://cdn.humanatlas.io/hra-releases/v1.1/docs/ref-organs/large-intestine-male.html	https://doi.org/10.48539/HBM626.PBQL.796
HBM879.CXSX.975	https://entity.api.hubmapconsortium.org/redirect/HBM879.CXSX.975	https://cdn.humanatlas.io/hra-releases/v1.1/docs/ref-organs/large-intestine-female.html	https://doi.org/10.48539/HBM879.CXSX.975
HBM548.CTHS.699	https://entity.api.hubmapconsortium.org/redirect/HBM548.CTHS.699	https://cdn.humanatlas.io/hra-releases/v1.1/docs/ref-organs/heart-male.html	https://doi.org/10.48539/HBM548.CTHS.699
HBM459.GVPS.249	https://entity.api.hubmapconsortium.org/redirect/HBM459.GVPS.249	https://cdn.humanatlas.io/hra-releases/v1.1/docs/ref-organs/heart-female.html	https://doi.org/10.48539/HBM459.GVPS.249
HBM724.XBQG.384	https://entity.api.hubmapconsortium.org/redirect/HBM724.XBQG.384	https://cdn.humanatlas.io/hra-releases/v1.1/docs/ref-organs/kidney-male-right.html	https://doi.org/10.48539/HBM724.XBQG.384
HBM987.QXZX.867	https://entity.api.hubmapconsortium.org/redirect/HBM987.QXZX.867	https://cdn.humanatlas.io/hra-releases/v1.1/docs/ref-organs/kidney-male-left.html	https://doi.org/10.48539/HBM987.QXZX.867
HBM569.LBLR.528	https://entity.api.hubmapconsortium.org/redirect/HBM569.LBLR.528	https://cdn.humanatlas.io/hra-releases/v1.1/docs/ref-organs/kidney-female-right.html	https://doi.org/10.48539/HBM569.LBLR.528
HBM893.CHGD.258	https://entity.api.hubmapconsortium.org/redirect/HBM893.CHGD.258	https://cdn.humanatlas.io/hra-releases/v1.1/docs/ref-organs/kidney-female-left.html	https://doi.org/10.48539/HBM893.CHGD.258
HBM432.TNRZ.258	https://entity.api.hubmapconsortium.org/redirect/HBM432.TNRZ.258	https://cdn.humanatlas.io/hra-releases/v1.1/docs/ref-organs/lung-male.html	https://doi.org/10.48539/HBM432.TNRZ.258
HBM448.SPWK.587	https://entity.api.hubmapconsortium.org/redirect/HBM448.SPWK.587	https://cdn.humanatlas.io/hra-releases/v1.1/docs/ref-organs/lung-female.html	https://doi.org/10.48539/HBM448.SPWK.587
HBM855.HCSJ.436	https://entity.api.hubmapconsortium.org/redirect/HBM855.HCSJ.436	https://cdn.humanatlas.io/hra-releases/v1.1/docs/ref-organs/lymph-node-male.html	https://doi.org/10.48539/HBM855.HCSJ.436
HBM992.ZQPV.642	https://entity.api.hubmapconsortium.org/redirect/HBM992.ZQPV.642	https://cdn.humanatlas.io/hra-releases/v1.1/docs/ref-organs/lymph-node-female.html	https://doi.org/10.48539/HBM992.ZQPV.642
HBM592.CTHB.237	https://entity.api.hubmapconsortium.org/redirect/HBM592.CTHB.237	https://cdn.humanatlas.io/hra-releases/v1.1/docs/ref-organs/skin-male.html	https://doi.org/10.48539/HBM592.CTHB.237
HBM555.MQLF.923	https://entity.api.hubmapconsortium.org/redirect/HBM555.MQLF.923	https://cdn.humanatlas.io/hra-releases/v1.1/docs/ref-organs/skin-female.html	https://doi.org/10.48539/HBM555.MQLF.923
HBM428.SWCN.269	https://entity.api.hubmapconsortium.org/redirect/HBM428.SWCN.269	https://cdn.humanatlas.io/hra-releases/v1.1/docs/ref-organs/spleen-male.html	https://doi.org/10.48539/HBM428.SWCN.269
HBM763.BRDT.574	https://entity.api.hubmapconsortium.org/redirect/HBM763.BRDT.574	https://cdn.humanatlas.io/hra-releases/v1.1/docs/ref-organs/spleen-female.html	https://doi.org/10.48539/HBM763.BRDT.574
HBM654.JFJP.923	https://entity.api.hubmapconsortium.org/redirect/HBM654.JFJP.923	https://cdn.humanatlas.io/hra-releases/v1.1/docs/ref-organs/thymus-male.html	https://doi.org/10.48539/HBM654.JFJP.923
HBM225.QSQG.238	https://entity.api.hubmapconsortium.org/redirect/HBM225.QSQG.238	https://cdn.humanatlas.io/hra-releases/v1.1/docs/ref-organs/thymus-female.html	https://doi.org/10.48539/HBM225.QSQG.238
HBM624.HZFZ.385	https://entity.api.hubmapconsortium.org/redirect/HBM624.HZFZ.385	https://cdn.humanatlas.io/hra-releases/v1.1/docs/ref-organs/blood-vasculature-male.html	https://doi.org/10.48539/HBM624.HZFZ.385
HBM542.RNFN.859	https://entity.api.hubmapconsortium.org/redirect/HBM542.RNFN.859	https://cdn.humanatlas.io/hra-releases/v1.1/docs/ref-organs/blood-vasculature-female.html	https://doi.org/10.48539/HBM542.RNFN.859
HBM359.KHRG.755	https://entity.api.hubmapconsortium.org/redirect/HBM359.KHRG.755	https://cdn.humanatlas.io/hra-releases/v1.1/docs/ref-organs/eye-female-left.html	https://doi.org/10.48539/HBM359.KHRG.755
HBM692.CDGH.743	https://entity.api.hubmapconsortium.org/redirect/HBM692.CDGH.743	https://cdn.humanatlas.io/hra-releases/v1.1/docs/ref-organs/eye-female-right.html	https://doi.org/10.48539/HBM692.CDGH.743
HBM229.DQTQ.987	https://entity.api.hubmapconsortium.org/redirect/HBM229.DQTQ.987	https://cdn.humanatlas.io/hra-releases/v1.1/docs/ref-organs/eye-male-left.html	https://doi.org/10.48539/HBM229.DQTQ.987
HBM343.ZZKS.993	https://entity.api.hubmapconsortium.org/redirect/HBM343.ZZKS.993	https://cdn.humanatlas.io/hra-releases/v1.1/docs/ref-organs/eye-male-right.html	https://doi.org/10.48539/HBM343.ZZKS.993
HBM346.XLQF.893	https://entity.api.hubmapconsortium.org/redirect/HBM346.XLQF.893	https://cdn.humanatlas.io/hra-releases/v1.1/docs/ref-organs/fallopian-tube-female-left.html	https://doi.org/10.48539/HBM346.XLQF.893
HBM986.HDFV.993	https://entity.api.hubmapconsortium.org/redirect/HBM986.HDFV.993	https://cdn.humanatlas.io/hra-releases/v1.1/docs/ref-organs/fallopian-tube-female-right.html	https://doi.org/10.48539/HBM986.HDFV.993
HBM825.XRZT.933	https://entity.api.hubmapconsortium.org/redirect/HBM825.XRZT.933	https://cdn.humanatlas.io/hra-releases/v1.1/docs/ref-organs/knee-male-left.html	https://doi.org/10.48539/HBM825.XRZT.933
HBM546.WMLL.993	https://entity.api.hubmapconsortium.org/redirect/HBM546.WMLL.993	https://cdn.humanatlas.io/hra-releases/v1.1/docs/ref-organs/knee-male-right.html	https://doi.org/10.48539/HBM546.WMLL.993
HBM886.ZDPK.865	https://entity.api.hubmapconsortium.org/redirect/HBM886.ZDPK.865	https://cdn.humanatlas.io/hra-releases/v1.1/docs/ref-organs/knee-female-left.html	https://doi.org/10.48539/HBM886.ZDPK.865
HBM497.ZBPZ.278	https://entity.api.hubmapconsortium.org/redirect/HBM497.ZBPZ.278	https://cdn.humanatlas.io/hra-releases/v1.1/docs/ref-organs/knee-female-right.html	https://doi.org/10.48539/HBM497.ZBPZ.278
HBM474.XSKK.979	https://entity.api.hubmapconsortium.org/redirect/HBM474.XSKK.979	https://cdn.humanatlas.io/hra-releases/v1.1/docs/ref-organs/liver-female.html	https://doi.org/10.48539/HBM474.XSKK.979
HBM793.BQGC.274	https://entity.api.hubmapconsortium.org/redirect/HBM793.BQGC.274	https://cdn.humanatlas.io/hra-releases/v1.1/docs/ref-organs/liver-male.html	https://doi.org/10.48539/HBM793.BQGC.274
HBM822.TTPW.598	https://entity.api.hubmapconsortium.org/redirect/HBM822.TTPW.598	https://cdn.humanatlas.io/hra-releases/v1.1/docs/ref-organs/ovary-female-left.html	https://doi.org/10.48539/HBM822.TTPW.598
HBM428.HSSM.863	https://entity.api.hubmapconsortium.org/redirect/HBM428.HSSM.863	https://cdn.humanatlas.io/hra-releases/v1.1/docs/ref-organs/ovary-female-right.html	https://doi.org/10.48539/HBM428.HSSM.863
HBM596.NSFQ.426	https://entity.api.hubmapconsortium.org/redirect/HBM596.NSFQ.426	https://cdn.humanatlas.io/hra-releases/v1.1/docs/ref-organs/pancreas-female.html	https://doi.org/10.48539/HBM596.NSFQ.426
HBM249.BLBM.234	https://entity.api.hubmapconsortium.org/redirect/HBM249.BLBM.234	https://cdn.humanatlas.io/hra-releases/v1.1/docs/ref-organs/pancreas-male.html	https://doi.org/10.48539/HBM249.BLBM.234
HBM493.JKTJ.487	https://entity.api.hubmapconsortium.org/redirect/HBM493.JKTJ.487	https://cdn.humanatlas.io/hra-releases/v1.1/docs/ref-organs/prostate-male.html	https://doi.org/10.48539/HBM493.JKTJ.487
HBM589.VSND.298	https://entity.api.hubmapconsortium.org/redirect/HBM589.VSND.298	https://cdn.humanatlas.io/hra-releases/v1.1/docs/ref-organs/small-intestine-female.html	https://doi.org/10.48539/HBM589.VSND.298
HBM373.JKLS.694	https://entity.api.hubmapconsortium.org/redirect/HBM373.JKLS.694	https://cdn.humanatlas.io/hra-releases/v1.1/docs/ref-organs/small-intestine-male.html	https://doi.org/10.48539/HBM373.JKLS.694
HBM455.BVMB.749	https://entity.api.hubmapconsortium.org/redirect/HBM455.BVMB.749	https://cdn.humanatlas.io/hra-releases/v1.1/docs/ref-organs/ureter-female-left.html	https://doi.org/10.48539/HBM455.BVMB.749
HBM585.ZVKW.798	https://entity.api.hubmapconsortium.org/redirect/HBM585.ZVKW.798	https://cdn.humanatlas.io/hra-releases/v1.1/docs/ref-organs/ureter-female-right.html	https://doi.org/10.48539/HBM585.ZVKW.798
HBM763.QFXT.356	https://entity.api.hubmapconsortium.org/redirect/HBM763.QFXT.356	https://cdn.humanatlas.io/hra-releases/v1.1/docs/ref-organs/ureter-male-left.html	https://doi.org/10.48539/HBM763.QFXT.356
HBM962.NPQG.577	https://entity.api.hubmapconsortium.org/redirect/HBM962.NPQG.577	https://cdn.humanatlas.io/hra-releases/v1.1/docs/ref-organs/ureter-male-right.html	https://doi.org/10.48539/HBM962.NPQG.577
HBM565.XPXM.226	https://entity.api.hubmapconsortium.org/redirect/HBM565.XPXM.226	https://cdn.humanatlas.io/hra-releases/v1.1/docs/ref-organs/urinary-bladder-female.html	https://doi.org/10.48539/HBM565.XPXM.226
HBM446.HDLZ.823	https://entity.api.hubmapconsortium.org/redirect/HBM446.HDLZ.823	https://cdn.humanatlas.io/hra-releases/v1.1/docs/ref-organs/urinary-bladder-male.html	https://doi.org/10.48539/HBM446.HDLZ.823
HBM379.ZRWS.653	https://entity.api.hubmapconsortium.org/redirect/HBM379.ZRWS.653	https://cdn.humanatlas.io/hra-releases/v1.1/docs/ref-organs/uterus-female.html	https://doi.org/10.48539/HBM379.ZRWS.653
HBM445.CZKW.526	https://entity.api.hubmapconsortium.org/redirect/HBM445.CZKW.526	https://cdn.humanatlas.io/hra-releases/v1.1/docs/omap/omap.html	https://doi.org/10.48539/HBM445.CZKW.526
HBM373.TBKP.375	https://entity.api.hubmapconsortium.org/redirect/HBM373.TBKP.375	https://cdn.humanatlas.io/hra-releases/v1.2/docs/omap/omap-kidney-codex.html	https://doi.org/10.48539/HBM373.TBKP.375
HBM624.PJSR.685	https://entity.api.hubmapconsortium.org/redirect/HBM624.PJSR.685	https://cdn.humanatlas.io/hra-releases/v1.2/docs/omap/omap-lymph-node-ibex.html	https://doi.org/10.48539/HBM624.PJSR.685
HBM373.HQCB.363	https://entity.api.hubmapconsortium.org/redirect/HBM373.HQCB.363	https://cdn.humanatlas.io/hra-releases/v1.2/docs/omap/omap-intestines-codex.html	https://doi.org/10.48539/HBM373.HQCB.363
HBM279.BTBC.847	https://entity.api.hubmapconsortium.org/redirect/HBM279.BTBC.847	https://cdn.humanatlas.io/hra-releases/v1.2/docs/omap/omap-liver-sim.html	https://doi.org/10.48539/HBM279.BTBC.847
HBM395.LXKX.734	https://entity.api.hubmapconsortium.org/redirect/HBM395.LXKX.734	https://cdn.humanatlas.io/hra-releases/v1.2/docs/omap/omap-pancreas-codex.html	https://doi.org/10.48539/HBM395.LXKX.734
HBM467.LRKZ.884	https://entity.api.hubmapconsortium.org/redirect/HBM467.LRKZ.884	https://cdn.humanatlas.io/hra-releases/v1.2/docs/omap/omap-skin-celldive.html	https://doi.org/10.48539/HBM467.LRKZ.884
HBM366.RQZK.248	https://entity.api.hubmapconsortium.org/redirect/HBM366.RQZK.248	https://cdn.humanatlas.io/hra-releases/v1.2/docs/omap/omap-lung-celldive.html	https://doi.org/10.48539/HBM366.RQZK.248
HBM527.JQCW.377	https://entity.api.hubmapconsortium.org/redirect/HBM527.JQCW.377	https://cdn.humanatlas.io/hra-releases/v1.2/docs/asct-b/brain.html	https://doi.org/10.48539/HBM527.JQCW.377
HBM437.JQVC.953	https://entity.api.hubmapconsortium.org/redirect/HBM437.JQVC.953	https://cdn.humanatlas.io/hra-releases/v1.2/docs/asct-b/lymph-node.html	https://doi.org/10.48539/HBM437.JQVC.953
HBM296.NBLN.233	https://entity.api.hubmapconsortium.org/redirect/HBM296.NBLN.233	https://cdn.humanatlas.io/hra-releases/v1.2/docs/asct-b/blood-pelvis.html	https://doi.org/10.48539/HBM296.NBLN.233
HBM954.HNGT.899	https://entity.api.hubmapconsortium.org/redirect/HBM954.HNGT.899	https://cdn.humanatlas.io/hra-releases/v1.2/docs/asct-b/blood-vasculature.html	https://doi.org/10.48539/HBM954.HNGT.899
HBM449.NWVK.668	https://entity.api.hubmapconsortium.org/redirect/HBM449.NWVK.668	https://cdn.humanatlas.io/hra-releases/v1.2/docs/asct-b/bone-marrow-pelvis.html	https://doi.org/10.48539/HBM449.NWVK.668
HBM494.KLQK.628	https://entity.api.hubmapconsortium.org/redirect/HBM494.KLQK.628	https://cdn.humanatlas.io/hra-releases/v1.2/docs/asct-b/eye.html	https://doi.org/10.48539/HBM494.KLQK.628
HBM522.SVHM.477	https://entity.api.hubmapconsortium.org/redirect/HBM522.SVHM.477	https://cdn.humanatlas.io/hra-releases/v1.2/docs/asct-b/fallopian-tube.html	https://doi.org/10.48539/HBM522.SVHM.477
HBM248.CBJV.556	https://entity.api.hubmapconsortium.org/redirect/HBM248.CBJV.556	https://cdn.humanatlas.io/hra-releases/v1.2/docs/asct-b/kidney.html	https://doi.org/10.48539/HBM248.CBJV.556
HBM433.MCBL.623	https://entity.api.hubmapconsortium.org/redirect/HBM433.MCBL.623	https://cdn.humanatlas.io/hra-releases/v1.2/docs/asct-b/knee.html	https://doi.org/10.48539/HBM433.MCBL.623
HBM494.RRLD.598	https://entity.api.hubmapconsortium.org/redirect/HBM494.RRLD.598	https://cdn.humanatlas.io/hra-releases/v1.2/docs/asct-b/large-intestine.html	https://doi.org/10.48539/HBM494.RRLD.598
HBM456.SLDZ.399	https://entity.api.hubmapconsortium.org/redirect/HBM456.SLDZ.399	https://cdn.humanatlas.io/hra-releases/v1.2/docs/asct-b/liver.html	https://doi.org/10.48539/HBM456.SLDZ.399
HBM396.QVLQ.449	https://entity.api.hubmapconsortium.org/redirect/HBM396.QVLQ.449	https://cdn.humanatlas.io/hra-releases/v1.2/docs/asct-b/lung.html	https://doi.org/10.48539/HBM396.QVLQ.449
HBM577.JGGH.294	https://entity.api.hubmapconsortium.org/redirect/HBM577.JGGH.294	https://cdn.humanatlas.io/hra-releases/v1.2/docs/asct-b/lymph-vasculature.html	https://doi.org/10.48539/HBM577.JGGH.294
HBM825.SJZF.445	https://entity.api.hubmapconsortium.org/redirect/HBM825.SJZF.445	https://cdn.humanatlas.io/hra-releases/v1.2/docs/asct-b/ovary.html	https://doi.org/10.48539/HBM825.SJZF.445
HBM557.XHHV.557	https://entity.api.hubmapconsortium.org/redirect/HBM557.XHHV.557	https://cdn.humanatlas.io/hra-releases/v1.2/docs/asct-b/pancreas.html	https://doi.org/10.48539/HBM557.XHHV.557
HBM725.JHNS.532	https://entity.api.hubmapconsortium.org/redirect/HBM725.JHNS.532	https://cdn.humanatlas.io/hra-releases/v1.2/docs/asct-b/skin.html	https://doi.org/10.48539/HBM725.JHNS.532
HBM772.KBNQ.742	https://entity.api.hubmapconsortium.org/redirect/HBM772.KBNQ.742	https://cdn.humanatlas.io/hra-releases/v1.2/docs/asct-b/spleen.html	https://doi.org/10.48539/HBM772.KBNQ.742
HBM284.RFDC.542	https://entity.api.hubmapconsortium.org/redirect/HBM284.RFDC.542	https://cdn.humanatlas.io/hra-releases/v1.2/docs/asct-b/thymus.html	https://doi.org/10.48539/HBM284.RFDC.542
HBM866.BCMC.625	https://entity.api.hubmapconsortium.org/redirect/HBM866.BCMC.625	https://cdn.humanatlas.io/hra-releases/v1.2/docs/asct-b/uterus.html	https://doi.org/10.48539/HBM866.BCMC.625
HBM446.WGLG.755	https://entity.api.hubmapconsortium.org/redirect/HBM446.WGLG.755	https://cdn.humanatlas.io/hra-releases/v1.2/docs/asct-b/placenta-full-term.html	https://doi.org/10.48539/HBM446.WGLG.755
HBM858.DNFV.736	https://entity.api.hubmapconsortium.org/redirect/HBM858.DNFV.736	https://cdn.humanatlas.io/hra-releases/v1.2/docs/ref-organs/asctb-3d-models-mapping.html	https://doi.org/10.48539/HBM858.DNFV.736
HBM883.TBLV.838	https://entity.api.hubmapconsortium.org/redirect/HBM883.TBLV.838	https://cdn.humanatlas.io/hra-releases/v1.2/docs/ref-organs/brain-female.html	https://doi.org/10.48539/HBM883.TBLV.838
HBM463.LFHF.874	https://entity.api.hubmapconsortium.org/redirect/HBM463.LFHF.874	https://cdn.humanatlas.io/hra-releases/v1.2/docs/ref-organs/lymph-node-female.html	https://doi.org/10.48539/HBM463.LFHF.874
HBM637.SRWT.828	https://entity.api.hubmapconsortium.org/redirect/HBM637.SRWT.828	https://cdn.humanatlas.io/hra-releases/v1.2/docs/ref-organs/large-intestine-female.html	https://doi.org/10.48539/HBM637.SRWT.828
HBM232.FSRK.728	https://entity.api.hubmapconsortium.org/redirect/HBM232.FSRK.728	https://cdn.humanatlas.io/hra-releases/v1.2/docs/ref-organs/blood-vasculature-female.html	https://doi.org/10.48539/HBM232.FSRK.728
HBM947.QXCK.633	https://entity.api.hubmapconsortium.org/redirect/HBM947.QXCK.633	https://cdn.humanatlas.io/hra-releases/v1.2/docs/ref-organs/eye-female-left.html	https://doi.org/10.48539/HBM947.QXCK.633
HBM276.NWLC.455	https://entity.api.hubmapconsortium.org/redirect/HBM276.NWLC.455	https://cdn.humanatlas.io/hra-releases/v1.2/docs/ref-organs/eye-female-right.html	https://doi.org/10.48539/HBM276.NWLC.455
HBM887.HZKB.637	https://entity.api.hubmapconsortium.org/redirect/HBM887.HZKB.637	https://cdn.humanatlas.io/hra-releases/v1.2/docs/ref-organs/fallopian-tube-female-left.html	https://doi.org/10.48539/HBM887.HZKB.637
HBM875.FCDP.878	https://entity.api.hubmapconsortium.org/redirect/HBM875.FCDP.878	https://cdn.humanatlas.io/hra-releases/v1.2/docs/ref-organs/fallopian-tube-female-right.html	https://doi.org/10.48539/HBM875.FCDP.878
HBM384.VWVH.465	https://entity.api.hubmapconsortium.org/redirect/HBM384.VWVH.465	https://cdn.humanatlas.io/hra-releases/v1.2/docs/ref-organs/heart-female.html	https://doi.org/10.48539/HBM384.VWVH.465
HBM898.QGVV.734	https://entity.api.hubmapconsortium.org/redirect/HBM898.QGVV.734	https://cdn.humanatlas.io/hra-releases/v1.2/docs/ref-organs/kidney-female-left.html	https://doi.org/10.48539/HBM898.QGVV.734
HBM487.ZGCW.688	https://entity.api.hubmapconsortium.org/redirect/HBM487.ZGCW.688	https://cdn.humanatlas.io/hra-releases/v1.2/docs/ref-organs/kidney-female-right.html	https://doi.org/10.48539/HBM487.ZGCW.688
HBM445.ZKHR.632	https://entity.api.hubmapconsortium.org/redirect/HBM445.ZKHR.632	https://cdn.humanatlas.io/hra-releases/v1.2/docs/ref-organs/knee-female-left.html	https://doi.org/10.48539/HBM445.ZKHR.632
HBM983.RDXQ.667	https://entity.api.hubmapconsortium.org/redirect/HBM983.RDXQ.667	https://cdn.humanatlas.io/hra-releases/v1.2/docs/ref-organs/knee-female-left.html	https://doi.org/10.48539/HBM983.RDXQ.667
HBM798.JZZM.649	https://entity.api.hubmapconsortium.org/redirect/HBM798.JZZM.649	https://cdn.humanatlas.io/hra-releases/v1.2/docs/ref-organs/liver-female.html	https://doi.org/10.48539/HBM798.JZZM.649
HBM733.JCZJ.647	https://entity.api.hubmapconsortium.org/redirect/HBM733.JCZJ.647	https://cdn.humanatlas.io/hra-releases/v1.2/docs/ref-organs/lung-female.html	https://doi.org/10.48539/HBM733.JCZJ.647
HBM499.JLMB.357	https://entity.api.hubmapconsortium.org/redirect/HBM499.JLMB.357	https://cdn.humanatlas.io/hra-releases/v1.2/docs/ref-organs/ovary-female-left.html	https://doi.org/10.48539/HBM499.JLMB.357
HBM453.QTZX.449	https://entity.api.hubmapconsortium.org/redirect/HBM453.QTZX.449	https://cdn.humanatlas.io/hra-releases/v1.2/docs/ref-organs/ovary-female-right.html	https://doi.org/10.48539/HBM453.QTZX.449
HBM338.VKSF.574	https://entity.api.hubmapconsortium.org/redirect/HBM338.VKSF.574	https://cdn.humanatlas.io/hra-releases/v1.2/docs/ref-organs/pancreas-female.html	https://doi.org/10.48539/HBM338.VKSF.574
HBM427.CCRP.887	https://entity.api.hubmapconsortium.org/redirect/HBM427.CCRP.887	https://cdn.humanatlas.io/hra-releases/v1.2/docs/ref-organs/pelvis-female.html	https://doi.org/10.48539/HBM427.CCRP.887
HBM796.CQJZ.982	https://entity.api.hubmapconsortium.org/redirect/HBM796.CQJZ.982	https://cdn.humanatlas.io/hra-releases/v1.2/docs/ref-organs/placenta-full-term-female.html	https://doi.org/10.48539/HBM796.CQJZ.982
HBM254.DVTN.589	https://entity.api.hubmapconsortium.org/redirect/HBM254.DVTN.589	https://cdn.humanatlas.io/hra-releases/v1.2/docs/ref-organs/skin-female.html	https://doi.org/10.48539/HBM254.DVTN.589
HBM887.PSNL.257	https://entity.api.hubmapconsortium.org/redirect/HBM887.PSNL.257	https://cdn.humanatlas.io/hra-releases/v1.2/docs/ref-organs/small-intestine-female.html	https://doi.org/10.48539/HBM887.PSNL.257
HBM625.LDJN.633	https://entity.api.hubmapconsortium.org/redirect/HBM625.LDJN.633	https://cdn.humanatlas.io/hra-releases/v1.2/docs/ref-organs/spinal-cord-female.html	https://doi.org/10.48539/HBM625.LDJN.633
HBM459.JHVH.373	https://entity.api.hubmapconsortium.org/redirect/HBM459.JHVH.373	https://cdn.humanatlas.io/hra-releases/v1.2/docs/ref-organs/spleen-female.html	https://doi.org/10.48539/HBM459.JHVH.373
HBM956.TTND.385	https://entity.api.hubmapconsortium.org/redirect/HBM956.TTND.385	https://cdn.humanatlas.io/hra-releases/v1.2/docs/ref-organs/thymus-female.html	https://doi.org/10.48539/HBM956.TTND.385
HBM923.WCQQ.623	https://entity.api.hubmapconsortium.org/redirect/HBM923.WCQQ.623	https://cdn.humanatlas.io/hra-releases/v1.2/docs/ref-organs/ureter-female-left.html	https://doi.org/10.48539/HBM923.WCQQ.623
HBM669.RFNC.442	https://entity.api.hubmapconsortium.org/redirect/HBM669.RFNC.442	https://cdn.humanatlas.io/hra-releases/v1.2/docs/ref-organs/ureter-female-right.html	https://doi.org/10.48539/HBM669.RFNC.442
HBM235.KQNP.897	https://entity.api.hubmapconsortium.org/redirect/HBM235.KQNP.897	https://cdn.humanatlas.io/hra-releases/v1.2/docs/ref-organs/urinary-bladder-female.html	https://doi.org/10.48539/HBM235.KQNP.897
HBM228.JBNJ.299	https://entity.api.hubmapconsortium.org/redirect/HBM228.JBNJ.299	https://cdn.humanatlas.io/hra-releases/v1.2/docs/ref-organs/uterus-female.html	https://doi.org/10.48539/HBM228.JBNJ.299
HBM658.KHFL.229	https://entity.api.hubmapconsortium.org/redirect/HBM658.KHFL.229	https://cdn.humanatlas.io/hra-releases/v1.2/docs/ref-organs/vh-female-united.html 	https://doi.org/10.48539/HBM658.KHFL.229
HBM946.SSFX.636	https://entity.api.hubmapconsortium.org/redirect/HBM946.SSFX.636	https://cdn.humanatlas.io/hra-releases/v1.2/docs/ref-organs/brain-male.html 	https://doi.org/10.48539/HBM946.SSFX.636
HBM299.VVXH.634	https://entity.api.hubmapconsortium.org/redirect/HBM299.VVXH.634	https://cdn.humanatlas.io/hra-releases/v1.2/docs/ref-organs/lymph-node-male.html	https://doi.org/10.48539/HBM299.VVXH.634
HBM334.LVTH.937	https://entity.api.hubmapconsortium.org/redirect/HBM334.LVTH.937	https://cdn.humanatlas.io/hra-releases/v1.2/docs/ref-organs/large-intestine-male.html	https://doi.org/10.48539/HBM334.LVTH.937
HBM686.LBDQ.998	https://entity.api.hubmapconsortium.org/redirect/HBM686.LBDQ.998	https://cdn.humanatlas.io/hra-releases/v1.2/docs/ref-organs/blood-vasculature-male.html	https://doi.org/10.48539/HBM686.LBDQ.998
HBM589.ZDVC.244	https://entity.api.hubmapconsortium.org/redirect/HBM589.ZDVC.244	https://cdn.humanatlas.io/hra-releases/v1.2/docs/ref-organs/eye-male-left.html	https://doi.org/10.48539/HBM589.ZDVC.244
HBM628.JFJJ.755	https://entity.api.hubmapconsortium.org/redirect/HBM628.JFJJ.755	https://cdn.humanatlas.io/hra-releases/v1.2/docs/ref-organs/eye-male-right.html	https://doi.org/10.48539/HBM628.JFJJ.755
HBM373.VSTV.568	https://entity.api.hubmapconsortium.org/redirect/HBM373.VSTV.568	https://cdn.humanatlas.io/hra-releases/v1.2/docs/ref-organs/heart-male.html	https://doi.org/10.48539/HBM373.VSTV.568
HBM562.JGPS.244	https://entity.api.hubmapconsortium.org/redirect/HBM562.JGPS.244	https://cdn.humanatlas.io/hra-releases/v1.2/docs/ref-organs/kidney-male-left.html	https://doi.org/10.48539/HBM562.JGPS.244
HBM272.ZVPQ.979	https://entity.api.hubmapconsortium.org/redirect/HBM272.ZVPQ.979	https://cdn.humanatlas.io/hra-releases/v1.2/docs/ref-organs/kidney-male-right.html	https://doi.org/10.48539/HBM272.ZVPQ.979
HBM592.GGXG.842	https://entity.api.hubmapconsortium.org/redirect/HBM592.GGXG.842	https://cdn.humanatlas.io/hra-releases/v1.2/docs/ref-organs/knee-male-left.html	https://doi.org/10.48539/HBM592.GGXG.842
HBM262.NWXL.436	https://entity.api.hubmapconsortium.org/redirect/HBM262.NWXL.436	https://cdn.humanatlas.io/hra-releases/v1.2/docs/ref-organs/knee-male-right.html	https://doi.org/10.48539/HBM262.NWXL.436
HBM677.HVRF.764	https://entity.api.hubmapconsortium.org/redirect/HBM677.HVRF.764	https://cdn.humanatlas.io/hra-releases/v1.2/docs/ref-organs/liver-male.html	https://doi.org/10.48539/HBM677.HVRF.764
HBM787.FWXN.723	https://entity.api.hubmapconsortium.org/redirect/HBM787.FWXN.723	https://cdn.humanatlas.io/hra-releases/v1.2/docs/ref-organs/lung-male.html	https://doi.org/10.48539/HBM787.FWXN.723
HBM992.BMVW.775	https://entity.api.hubmapconsortium.org/redirect/HBM992.BMVW.775	https://cdn.humanatlas.io/hra-releases/v1.2/docs/ref-organs/pancreas-male.html	https://doi.org/10.48539/HBM992.BMVW.775
HBM893.QGJK.978	https://entity.api.hubmapconsortium.org/redirect/HBM893.QGJK.978	https://cdn.humanatlas.io/hra-releases/v1.2/docs/ref-organs/pelvis-male.html	https://doi.org/10.48539/HBM893.QGJK.978
HBM229.TSCH.665	https://entity.api.hubmapconsortium.org/redirect/HBM229.TSCH.665	https://cdn.humanatlas.io/hra-releases/v1.2/docs/ref-organs/prostate-male.html	https://doi.org/10.48539/HBM229.TSCH.665
HBM369.SBSP.863	https://entity.api.hubmapconsortium.org/redirect/HBM369.SBSP.863	https://cdn.humanatlas.io/hra-releases/v1.2/docs/ref-organs/skin-male.html	https://doi.org/10.48539/HBM369.SBSP.863
HBM468.FFTJ.536	https://entity.api.hubmapconsortium.org/redirect/HBM468.FFTJ.536	https://cdn.humanatlas.io/hra-releases/v1.2/docs/ref-organs/small-intestine-male.html	https://doi.org/10.48539/HBM468.FFTJ.536
HBM366.MTJD.685	https://entity.api.hubmapconsortium.org/redirect/HBM366.MTJD.685	https://cdn.humanatlas.io/hra-releases/v1.2/docs/ref-organs/spinal-cord-male.html	https://doi.org/10.48539/HBM366.MTJD.685
HBM662.GMWC.569	https://entity.api.hubmapconsortium.org/redirect/HBM662.GMWC.569	https://cdn.humanatlas.io/hra-releases/v1.2/docs/ref-organs/spleen-male.html	https://doi.org/10.48539/HBM662.GMWC.569
HBM823.SNLN.667	https://entity.api.hubmapconsortium.org/redirect/HBM823.SNLN.667	https://cdn.humanatlas.io/hra-releases/v1.2/docs/ref-organs/thymus-male.html	https://doi.org/10.48539/HBM823.SNLN.667
HBM473.XWNL.438	https://entity.api.hubmapconsortium.org/redirect/HBM473.XWNL.438	https://cdn.humanatlas.io/hra-releases/v1.2/docs/ref-organs/ureter-male-left.html	https://doi.org/10.48539/HBM473.XWNL.438
HBM878.DBSR.759	https://entity.api.hubmapconsortium.org/redirect/HBM878.DBSR.759	https://cdn.humanatlas.io/hra-releases/v1.2/docs/ref-organs/ureter-male-right.html	https://doi.org/10.48539/HBM878.DBSR.759
HBM934.DMHJ.898	https://entity.api.hubmapconsortium.org/redirect/HBM934.DMHJ.898	https://cdn.humanatlas.io/hra-releases/v1.2/docs/ref-organs/urinary-bladder-male.html	https://doi.org/10.48539/HBM934.DMHJ.898
HBM527.VTCC.559	https://entity.api.hubmapconsortium.org/redirect/HBM527.VTCC.559	https://cdn.humanatlas.io/hra-releases/v1.2/docs/ref-organs/vh-male-united.html	https://doi.org/10.48539/HBM527.VTCC.559
HBM794.PKVD.274	https://entity.api.hubmapconsortium.org/redirect/HBM794.PKVD.274	https://cdn.humanatlas.io/hra-releases/v1.2/docs/2d-ftu/thymus-thymus-lobule.html	https://doi.org/10.48539/HBM794.PKVD.274
HBM395.LVFN.656	https://entity.api.hubmapconsortium.org/redirect/HBM395.LVFN.656	https://cdn.humanatlas.io/hra-releases/v1.2/docs/2d-ftu/kidney-renal-corpuscle.html	https://doi.org/10.48539/HBM395.LVFN.656
HBM626.KZVN.453	https://entity.api.hubmapconsortium.org/redirect/HBM626.KZVN.453	https://cdn.humanatlas.io/hra-releases/v1.2/docs/2d-ftu/lung-pulmonary-alveolus.html	https://doi.org/10.48539/HBM626.KZVN.453
HBM523.TDCH.662	https://entity.api.hubmapconsortium.org/redirect/HBM523.TDCH.662	https://cdn.humanatlas.io/hra-releases/v1.2/docs/2d-ftu/prostate-prostate-glandular-acinus.html	https://doi.org/10.48539/HBM523.TDCH.662
HBM489.SGQZ.655	https://entity.api.hubmapconsortium.org/redirect/HBM489.SGQZ.655	https://cdn.humanatlas.io/hra-releases/v1.2/docs/2d-ftu/kidney-nephron.html	https://doi.org/10.48539/HBM489.SGQZ.655
HBM692.KXMT.939	https://entity.api.hubmapconsortium.org/redirect/HBM692.KXMT.939	https://cdn.humanatlas.io/hra-releases/v1.2/docs/2d-ftu/liver-liver-lobule.html	https://doi.org/10.48539/HBM692.KXMT.939
HBM344.CNNH.639	https://entity.api.hubmapconsortium.org/redirect/HBM344.CNNH.639	https://cdn.humanatlas.io/hra-releases/v1.2/docs/2d-ftu/pancreas-islets-langerhans.html	https://doi.org/10.48539/HBM344.CNNH.639
HBM373.JRGS.542	https://entity.api.hubmapconsortium.org/redirect/HBM373.JRGS.542	https://cdn.humanatlas.io/hra-releases/v1.2/docs/2d-ftu/large-intestine-crypt-lieberkuhn.html	https://doi.org/10.48539/HBM373.JRGS.542
HBM984.MZSG.873	https://entity.api.hubmapconsortium.org/redirect/HBM984.MZSG.873	https://cdn.humanatlas.io/hra-releases/v1.2/docs/2d-ftu/asctb-2d-ftu-mapping.html	https://doi.org/10.48539/HBM984.MZSG.873
HBM378.VWZG.633	https://entity.api.hubmapconsortium.org/redirect/HBM378.VWZG.633	https://cdn.humanatlas.io/hra-releases/v1.3/docs/ref-organs/3d-vh-f-mammary-gland-l.html	https://doi.org/10.48539/HBM378.VWZG.633
HBM989.SNHP.535	https://entity.api.hubmapconsortium.org/redirect/HBM989.SNHP.535	https://cdn.humanatlas.io/hra-releases/v1.3/docs/ref-organs/3d-vh-f-mammary-gland-r.html	https://doi.org/10.48539/HBM989.SNHP.535
HBM245.CNSG.248	https://entity.api.hubmapconsortium.org/redirect/HBM245.CNSG.248	https://cdn.humanatlas.io/hra-releases/v1.3/docs/ref-organs/3d-vh-f-united.html	https://doi.org/10.48539/HBM245.CNSG.248
HBM466.LKPQ.876	https://entity.api.hubmapconsortium.org/redirect/HBM466.LKPQ.876	https://cdn.humanatlas.io/hra-releases/v1.3/docs/ref-organs/3d-vh-f-skin.html	https://doi.org/10.48539/HBM466.LKPQ.876
HBM256.HGZN.489	https://entity.api.hubmapconsortium.org/redirect/HBM256.HGZN.489	https://cdn.humanatlas.io/hra-releases/v1.3/docs/asct-b/asct-b-allen-brain.html	https://doi.org/10.48539/HBM256.HGZN.489
HBM785.CGSG.458	https://entity.api.hubmapconsortium.org/redirect/HBM785.CGSG.458	https://cdn.humanatlas.io/hra-releases/v1.3/docs/asct-b/asct-b-vh-blood-pelvis.html	https://doi.org/10.48539/HBM785.CGSG.458
HBM948.FMZR.475	https://entity.api.hubmapconsortium.org/redirect/HBM948.FMZR.475	https://cdn.humanatlas.io/hra-releases/v1.3/docs/asct-b/asct-b-vh-blood-vasculature.html	https://doi.org/10.48539/HBM948.FMZR.475
HBM846.XXGG.898	https://entity.api.hubmapconsortium.org/redirect/HBM846.XXGG.898	https://cdn.humanatlas.io/hra-releases/v1.3/docs/asct-b/asct-b-vh-bonemarrow-pelvis.html	https://doi.org/10.48539/HBM846.XXGG.898
HBM762.WRRQ.394	https://entity.api.hubmapconsortium.org/redirect/HBM762.WRRQ.394	https://cdn.humanatlas.io/hra-releases/v1.3/docs/asct-b/asct-b-vh-eye.html	https://doi.org/10.48539/HBM762.WRRQ.394
HBM877.BTSR.898	https://entity.api.hubmapconsortium.org/redirect/HBM877.BTSR.898	https://cdn.humanatlas.io/hra-releases/v1.3/docs/asct-b/asct-b-vh-heart.html	https://doi.org/10.48539/HBM877.BTSR.898
HBM243.ZZGL.262	https://entity.api.hubmapconsortium.org/redirect/HBM243.ZZGL.262	https://cdn.humanatlas.io/hra-releases/v1.3/docs/asct-b/asct-b-vh-large-intestine.html	https://doi.org/10.48539/HBM243.ZZGL.262
HBM469.NHVB.448	https://entity.api.hubmapconsortium.org/redirect/HBM469.NHVB.448	https://cdn.humanatlas.io/hra-releases/v1.3/docs/asct-b/asct-b-vh-lymph-vasculature.html	https://doi.org/10.48539/HBM469.NHVB.448
HBM878.KBTH.462	https://entity.api.hubmapconsortium.org/redirect/HBM878.KBTH.462	https://cdn.humanatlas.io/hra-releases/v1.3/docs/asct-b/asct-b-vh-ovary.html	https://doi.org/10.48539/HBM878.KBTH.462
HBM975.BBTF.393	https://entity.api.hubmapconsortium.org/redirect/HBM975.BBTF.393	https://cdn.humanatlas.io/hra-releases/v1.3/docs/asct-b/asct-b-vh-pancreas.html	https://doi.org/10.48539/HBM975.BBTF.393
HBM934.NJHF.526	https://entity.api.hubmapconsortium.org/redirect/HBM934.NJHF.526	https://cdn.humanatlas.io/hra-releases/v1.3/docs/asct-b/asct-b-vh-small-intestine.html	https://doi.org/10.48539/HBM934.NJHF.526
HBM763.QFRB.477	https://entity.api.hubmapconsortium.org/redirect/HBM763.QFRB.477	https://cdn.humanatlas.io/hra-releases/v1.3/docs/asct-b/asct-b-vh-spleen.html	https://doi.org/10.48539/HBM763.QFRB.477
HBM375.BJGD.993	https://entity.api.hubmapconsortium.org/redirect/HBM375.BJGD.993	https://cdn.humanatlas.io/hra-releases/v1.3/docs/asct-b/asct-b-vh-thymus.html	https://doi.org/10.48539/HBM375.BJGD.993
HBM766.SDNC.676	https://entity.api.hubmapconsortium.org/redirect/HBM766.SDNC.676	https://cdn.humanatlas.io/hra-releases/v1.3/docs/ref-organs/asct-b-3d-models-mapping.html	https://doi.org/10.48539/HBM766.SDNC.676
HBM266.FLTT.686	https://entity.api.hubmapconsortium.org/redirect/HBM266.FLTT.686	https://cdn.humanatlas.io/hra-releases/v1.3/docs/2d-ftu/asct-b-2d-models-mapping.html	https://doi.org/10.48539/HBM266.FLTT.686
HBM234.BXNR.636	https://entity.api.hubmapconsortium.org/redirect/HBM234.BXNR.636	https://cdn.humanatlas.io/hra-releases/v1.3/docs/2d-ftu/2d-ftu-thymus-thymus-lobule.html	https://doi.org/10.48539/HBM234.BXNR.636
HBM848.QQPG.278	https://entity.api.hubmapconsortium.org/redirect/HBM848.QQPG.278	https://cdn.humanatlas.io/hra-releases/v1.3/docs/2d-ftu/2d-ftu-kidney-renal-corpuscle.html	https://doi.org/10.48539/HBM848.QQPG.278
HBM638.QLQK.834	https://entity.api.hubmapconsortium.org/redirect/HBM638.QLQK.834	https://cdn.humanatlas.io/hra-releases/v1.3/docs/2d-ftu/2d-ftu-lung-pulmonary-alveolus.html	https://doi.org/10.48539/HBM638.QLQK.834
HBM873.RHXX.584	https://entity.api.hubmapconsortium.org/redirect/HBM873.RHXX.584	https://cdn.humanatlas.io/hra-releases/v1.3/docs/2d-ftu/2d-ftu-prostate-prostate-glandular-acinus.html	https://doi.org/10.48539/HBM873.RHXX.584
HBM868.LLHZ.223	https://entity.api.hubmapconsortium.org/redirect/HBM868.LLHZ.223	https://cdn.humanatlas.io/hra-releases/v1.3/docs/2d-ftu/2d-ftu-kidney-nephron.html	https://doi.org/10.48539/HBM868.LLHZ.223
HBM389.SXZQ.599	https://entity.api.hubmapconsortium.org/redirect/HBM389.SXZQ.599	https://cdn.humanatlas.io/hra-releases/v1.3/docs/2d-ftu/2d-ftu-liver-liver-lobule.html	https://doi.org/10.48539/HBM389.SXZQ.599
HBM824.BJWG.292	https://entity.api.hubmapconsortium.org/redirect/HBM824.BJWG.292	https://cdn.humanatlas.io/hra-releases/v1.3/docs/2d-ftu/2d-ftu-pancreas-islets-langerhans.html	https://doi.org/10.48539/HBM824.BJWG.292
HBM344.NWFX.797	https://entity.api.hubmapconsortium.org/redirect/HBM344.NWFX.797	https://cdn.humanatlas.io/hra-releases/v1.3/docs/2d-ftu/2d-ftu-large-intestine-crypt-lieberkuhn.html	https://doi.org/10.48539/HBM344.NWFX.797
HBM627.NNCW.688	https://entity.api.hubmapconsortium.org/redirect/HBM627.NNCW.688	https://cdn.humanatlas.io/hra-releases/v1.3/docs/2d-ftu/2d-ftu-pancreas-pancreatic-acinus.html	https://doi.org/10.48539/HBM627.NNCW.688
HBM773.GJPC.954	https://entity.api.hubmapconsortium.org/redirect/HBM773.GJPC.954	https://cdn.humanatlas.io/hra-releases/v1.3/docs/2d-ftu/2d-ftu-kidney-cortical-collecting-duct.html	https://doi.org/10.48539/HBM773.GJPC.954
HBM337.SZDB.254	https://entity.api.hubmapconsortium.org/redirect/HBM337.SZDB.254	https://cdn.humanatlas.io/hra-releases/v1.3/docs/2d-ftu/2d-ftu-kidney-outer-medullary-collecting-duct.html	https://doi.org/10.48539/HBM337.SZDB.254
HBM835.WLXG.458	https://entity.api.hubmapconsortium.org/redirect/HBM835.WLXG.458	https://cdn.humanatlas.io/hra-releases/v1.3/docs/2d-ftu/2d-ftu-kidney-inner-medullary-collecting-duct.html	https://doi.org/10.48539/HBM835.WLXG.458
HBM856.XGXM.529	https://entity.api.hubmapconsortium.org/redirect/HBM856.XGXM.529	https://cdn.humanatlas.io/hra-releases/v1.3/docs/2d-ftu/2d-ftu-kidney-thick-ascending-loop-of-henle.html	https://doi.org/10.48539/HBM856.XGXM.529
HBM752.FQRT.755	https://entity.api.hubmapconsortium.org/redirect/HBM752.FQRT.755	https://cdn.humanatlas.io/hra-releases/v1.3/docs/2d-ftu/2d-ftu-kidney-descending-thin-loop-of-henle.html	https://doi.org/10.48539/HBM752.FQRT.755
HBM252.GXZL.248	https://entity.api.hubmapconsortium.org/redirect/HBM252.GXZL.248	https://cdn.humanatlas.io/hra-releases/v1.3/docs/2d-ftu/2d-ftu-kidney-ascending-thin-loop-of-henle.html	https://doi.org/10.48539/HBM252.GXZL.248
HBM444.SLHZ.335	https://entity.api.hubmapconsortium.org/redirect/HBM444.SLHZ.335	https://cdn.humanatlas.io/hra-releases/v1.3/docs/2d-ftu/2d-ftu-skin-dermal-papilla.html	https://doi.org/10.48539/HBM444.SLHZ.335
HBM532.WTMJ.494	https://entity.api.hubmapconsortium.org/redirect/HBM532.WTMJ.494	https://cdn.humanatlas.io/hra-releases/v1.3/docs/2d-ftu/2d-ftu-skin-epidermal-ridge.html	https://doi.org/10.48539/HBM532.WTMJ.494
HBM438.ZJGP.747	https://entity.api.hubmapconsortium.org/redirect/HBM438.ZJGP.747	https://cdn.humanatlas.io/hra-releases/v1.3/docs/2d-ftu/2d-ftu-lung-bronchial-submucosal-gland.html	https://doi.org/10.48539/HBM438.ZJGP.747
HBM458.HKKL.976	https://entity.api.hubmapconsortium.org/redirect/HBM458.HKKL.976	https://cdn.humanatlas.io/hra-releases/v1.3/docs/2d-ftu/2d-ftu-pancreas-intercalated-duct.html	https://doi.org/10.48539/HBM458.HKKL.976
HBM674.DJKV.876	https://entity.api.hubmapconsortium.org/redirect/HBM674.DJKV.876	https://cdn.humanatlas.io/hra-releases/v1.3/docs/omap/omap-1-human-lymph-node-ibex.html	https://doi.org/10.48539/HBM674.DJKV.876
HBM794.CSBJ.358	https://entity.api.hubmapconsortium.org/redirect/HBM794.CSBJ.358	https://cdn.humanatlas.io/hra-releases/v1.3/docs/omap/omap-2-intestine-codex.html	https://doi.org/10.48539/HBM794.CSBJ.358
HBM568.RMZB.377	https://entity.api.hubmapconsortium.org/redirect/HBM568.RMZB.377	https://cdn.humanatlas.io/hra-releases/v1.3/docs/omap/omap-3-kidney-codex.html	https://doi.org/10.48539/HBM568.RMZB.377
HBM577.SBHH.454	https://entity.api.hubmapconsortium.org/redirect/HBM577.SBHH.454	https://cdn.humanatlas.io/hra-releases/v1.3/docs/omap/omap-4-skin-cell-dive.html	https://doi.org/10.48539/HBM577.SBHH.454
HBM495.QBSV.777	https://entity.api.hubmapconsortium.org/redirect/HBM495.QBSV.777	https://cdn.humanatlas.io/hra-releases/v1.3/docs/omap/omap-5-liver-sims.html	https://doi.org/10.48539/HBM495.QBSV.777
HBM868.XLTM.922	https://entity.api.hubmapconsortium.org/redirect/HBM868.XLTM.922	https://cdn.humanatlas.io/hra-releases/v1.3/docs/omap/omap-6-pancreas-codex.html	https://doi.org/10.48539/HBM868.XLTM.922
HBM972.WHPW.455	https://entity.api.hubmapconsortium.org/redirect/HBM972.WHPW.455	https://cdn.humanatlas.io/hra-releases/v1.3/docs/omap/omap-7-lung-cell-dive.html	https://doi.org/10.48539/HBM972.WHPW.455
HBM978.QMLX.642	https://entity.api.hubmapconsortium.org/redirect/HBM978.QMLX.642	https://cdn.humanatlas.io/hra-releases/v1.4/docs/ref-organs/3d-vh-f-palatine-tonsil-l.html	https://doi.org/10.48539/HBM978.QMLX.642
HBM599.NJCF.974	https://entity.api.hubmapconsortium.org/redirect/HBM599.NJCF.974	https://cdn.humanatlas.io/hra-releases/v1.4/docs/ref-organs/3d-vh-f-palatine-tonsil-r.html	https://doi.org/10.48539/HBM599.NJCF.974
HBM659.MMSP.248	https://entity.api.hubmapconsortium.org/redirect/HBM659.MMSP.248	https://cdn.humanatlas.io/hra-releases/v1.4/docs/ref-organs/3d-vh-m-palatine-tonsil-l.html	https://doi.org/10.48539/HBM659.MMSP.248
HBM845.GXSC.628	https://entity.api.hubmapconsortium.org/redirect/HBM845.GXSC.628	https://cdn.humanatlas.io/hra-releases/v1.4/docs/ref-organs/3d-vh-m-palatine-tonsil-r.html	https://doi.org/10.48539/HBM845.GXSC.628
HBM378.DBLX.423	https://entity.api.hubmapconsortium.org/redirect/HBM378.DBLX.423	https://cdn.humanatlas.io/hra-releases/v1.4/docs/ref-organs/3d-vh-f-eye-l.html	https://doi.org/10.48539/HBM378.DBLX.423
HBM745.RCGM.944	https://entity.api.hubmapconsortium.org/redirect/HBM745.RCGM.944	https://cdn.humanatlas.io/hra-releases/v1.4/docs/ref-organs/3d-vh-f-eye-r.html	https://doi.org/10.48539/HBM745.RCGM.944
HBM858.KCTG.666	https://entity.api.hubmapconsortium.org/redirect/HBM858.KCTG.666	https://cdn.humanatlas.io/hra-releases/v1.4/docs/ref-organs/3d-vh-m-eye-l.html	https://doi.org/10.48539/HBM858.KCTG.666
HBM763.WQLH.975	https://entity.api.hubmapconsortium.org/redirect/HBM763.WQLH.975	https://cdn.humanatlas.io/hra-releases/v1.4/docs/ref-organs/3d-vh-m-eye-r.html	https://doi.org/10.48539/HBM763.WQLH.975
HBM959.JMVR.733	https://entity.api.hubmapconsortium.org/redirect/HBM959.JMVR.733	https://cdn.humanatlas.io/hra-releases/v1.4/docs/ref-organs/3d-vh-f-united.html	https://doi.org/10.48539/HBM959.JMVR.733
HBM728.HNBH.685	https://entity.api.hubmapconsortium.org/redirect/HBM728.HNBH.685	https://cdn.humanatlas.io/hra-releases/v1.4/docs/ref-organs/3d-vh-m-united.html	https://doi.org/10.48539/HBM728.HNBH.685
HBM483.WXRQ.275	https://entity.api.hubmapconsortium.org/redirect/HBM483.WXRQ.275	https://cdn.humanatlas.io/hra-releases/v1.4/docs/ref-organs/3d-vh-f-trachea.html	https://doi.org/10.48539/HBM483.WXRQ.275
HBM969.WCCJ.636	https://entity.api.hubmapconsortium.org/redirect/HBM969.WCCJ.636	https://cdn.humanatlas.io/hra-releases/v1.4/docs/ref-organs/3d-vh-m-trachea.html	https://doi.org/10.48539/HBM969.WCCJ.636
HBM295.ZXSK.374	https://entity.api.hubmapconsortium.org/redirect/HBM295.ZXSK.374	https://cdn.humanatlas.io/hra-releases/v1.4/docs/ref-organs/3d-vh-f-larynx.html	https://doi.org/10.48539/HBM295.ZXSK.374
HBM563.KGWS.679	https://entity.api.hubmapconsortium.org/redirect/HBM563.KGWS.679	https://cdn.humanatlas.io/hra-releases/v1.4/docs/ref-organs/3d-vh-m-larynx.html	https://doi.org/10.48539/HBM563.KGWS.679
HBM539.LVSV.683	https://entity.api.hubmapconsortium.org/redirect/HBM539.LVSV.683	https://cdn.humanatlas.io/hra-releases/v1.4/docs/ref-organs/3d-vh-f-main-bronchus.html	https://doi.org/10.48539/HBM539.LVSV.683
HBM795.LVRX.842	https://entity.api.hubmapconsortium.org/redirect/HBM795.LVRX.842	https://cdn.humanatlas.io/hra-releases/v1.4/docs/ref-organs/3d-vh-m-main-bronchus.html	https://doi.org/10.48539/HBM795.LVRX.842
HBM794.PKQV.978	https://entity.api.hubmapconsortium.org/redirect/HBM794.PKQV.978	https://cdn.humanatlas.io/hra-releases/v1.4/docs/ref-organs/3d-vh-f-lung.html	https://doi.org/10.48539/HBM794.PKQV.978
HBM737.FFBT.876	https://entity.api.hubmapconsortium.org/redirect/HBM737.FFBT.876	https://cdn.humanatlas.io/hra-releases/v1.4/docs/ref-organs/3d-vh-m-lung.html	https://doi.org/10.48539/HBM737.FFBT.876
HBM979.GWZM.292	https://entity.api.hubmapconsortium.org/redirect/HBM979.GWZM.292	https://cdn.humanatlas.io/hra-releases/v1.4/docs/2d-ftu/2d-ftu-spleen-red-pulp.html	https://doi.org/10.48539/HBM979.GWZM.292
HBM332.LMKD.869	https://entity.api.hubmapconsortium.org/redirect/HBM332.LMKD.869	https://cdn.humanatlas.io/hra-releases/v1.4/docs/2d-ftu/2d-ftu-spleen-white-pulp.html	https://doi.org/10.48539/HBM332.LMKD.869
HBM622.BDXN.589	https://entity.api.hubmapconsortium.org/redirect/HBM622.BDXN.589	https://cdn.humanatlas.io/hra-releases/v1.4/docs/ref-organs/asct-b-3d-models-crosswalk.html	https://doi.org/10.48539/HBM622.BDXN.589
HBM565.DVKX.367	https://entity.api.hubmapconsortium.org/redirect/HBM565.DVKX.367	https://cdn.humanatlas.io/hra-releases/v1.4/docs/2d-ftu/asct-b-2d-models-crosswalk.html	https://doi.org/10.48539/HBM565.DVKX.367
HBM577.MCCB.463	https://entity.api.hubmapconsortium.org/redirect/HBM577.MCCB.463	https://cdn.humanatlas.io/hra-releases/v1.4/docs/asct-b/blood-vasculature-organ-crosswalk.html	https://doi.org/10.48539/HBM577.MCCB.463
HBM796.WLLL.599	https://entity.api.hubmapconsortium.org/redirect/HBM796.WLLL.599	https://cdn.humanatlas.io/hra-releases/v1.4/docs/vascular-geometry/blood-vasculature-geometry.html	https://doi.org/10.48539/HBM796.WLLL.599
HBM458.NSWR.957	https://entity.api.hubmapconsortium.org/redirect/HBM458.NSWR.957	https://cdn.humanatlas.io/hra-releases/v1.4/docs/omap/omap-1-human-lymph-node-ibex.html	https://doi.org/10.48539/HBM458.NSWR.957
HBM783.TQTD.539	https://entity.api.hubmapconsortium.org/redirect/HBM783.TQTD.539	https://cdn.humanatlas.io/hra-releases/v1.4/docs/omap/omap-2-intestine-codex.html	https://doi.org/10.48539/HBM783.TQTD.539
HBM953.VJHK.452	https://entity.api.hubmapconsortium.org/redirect/HBM953.VJHK.452	https://cdn.humanatlas.io/hra-releases/v1.4/docs/omap/omap-3-kidney-codex.html	https://doi.org/10.48539/HBM953.VJHK.452
HBM459.SRBX.598	https://entity.api.hubmapconsortium.org/redirect/HBM459.SRBX.598	https://cdn.humanatlas.io/hra-releases/v1.4/docs/omap/omap-4-skin-cell-dive.html	https://doi.org/10.48539/HBM459.SRBX.598
HBM749.LTHX.952	https://entity.api.hubmapconsortium.org/redirect/HBM749.LTHX.952	https://cdn.humanatlas.io/hra-releases/v1.4/docs/omap/omap-5-liver-sims.html	https://doi.org/10.48539/HBM749.LTHX.952
HBM948.XLMZ.833	https://entity.api.hubmapconsortium.org/redirect/HBM948.XLMZ.833	https://cdn.humanatlas.io/hra-releases/v1.4/docs/omap/omap-6-pancreas-codex.html	https://doi.org/10.48539/HBM948.XLMZ.833
HBM933.MRZD.495	https://entity.api.hubmapconsortium.org/redirect/HBM933.MRZD.495	https://cdn.humanatlas.io/hra-releases/v1.4/docs/omap/omap-7-lung-cell-dive.html	https://doi.org/10.48539/HBM933.MRZD.495
HBM375.WFJN.332	https://entity.api.hubmapconsortium.org/redirect/HBM375.WFJN.332	https://cdn.humanatlas.io/hra-releases/v1.4/docs/omap/omap-8-placenta-full-term-imc.html	https://doi.org/10.48539/HBM375.WFJN.332
HBM874.KNMC.899	https://entity.api.hubmapconsortium.org/redirect/HBM874.KNMC.899	https://cdn.humanatlas.io/hra-releases/v1.4/docs/omap/omap-9-kidney-codex.html	https://doi.org/10.48539/HBM874.KNMC.899
HBM663.JJMJ.628	https://entity.api.hubmapconsortium.org/redirect/HBM663.JJMJ.628	https://cdn.humanatlas.io/hra-releases/v1.4/docs/omap/omap-10-palatine-tonsil-macsima.html	https://doi.org/10.48539/HBM663.JJMJ.628
HBM957.RHVB.545	https://entity.api.hubmapconsortium.org/redirect/HBM957.RHVB.545	https://cdn.humanatlas.io/hra-releases/v1.4/docs/omap/omap-11-spleen-ibex.html	https://doi.org/10.48539/HBM957.RHVB.545
HBM979.RCXH.454	https://entity.api.hubmapconsortium.org/redirect/HBM979.RCXH.454	https://cdn.humanatlas.io/hra-releases/v1.4/docs/omap/omap-12-eye-retina-ibex.html	https://doi.org/10.48539/HBM979.RCXH.454
HBM754.BHVR.258	https://entity.api.hubmapconsortium.org/redirect/HBM754.BHVR.258	https://cdn.humanatlas.io/hra-releases/v1.4/docs/omap/omap-13-pancreas-codex.html	https://doi.org/10.48539/HBM754.BHVR.258
HBM279.CXVW.525	https://entity.api.hubmapconsortium.org/redirect/HBM279.CXVW.525	https://cdn.humanatlas.io/hra-releases/v1.4/docs/asct-b/asct-b-vh-blood-vasculature.html	https://doi.org/10.48539/HBM279.CXVW.525
HBM568.VJBK.732	https://entity.api.hubmapconsortium.org/redirect/HBM568.VJBK.732	https://cdn.humanatlas.io/hra-releases/v1.4/docs/asct-b/asct-b-allen-brain.html	https://doi.org/10.48539/HBM568.VJBK.732
HBM262.HRHH.693	https://entity.api.hubmapconsortium.org/redirect/HBM262.HRHH.693	https://cdn.humanatlas.io/hra-releases/v1.4/docs/asct-b/asct-b-vh-eye.html	https://doi.org/10.48539/HBM262.HRHH.693
HBM944.SVLH.825	https://entity.api.hubmapconsortium.org/redirect/HBM944.SVLH.825	https://cdn.humanatlas.io/hra-releases/v1.4/docs/asct-b/asct-b-vh-kidney.html	https://doi.org/10.48539/HBM944.SVLH.825
HBM496.MNTH.952	https://entity.api.hubmapconsortium.org/redirect/HBM496.MNTH.952	https://cdn.humanatlas.io/hra-releases/v1.4/docs/asct-b/asct-b-vh-lung.html	https://doi.org/10.48539/HBM496.MNTH.952
HBM738.GKLM.876	https://entity.api.hubmapconsortium.org/redirect/HBM738.GKLM.876	https://cdn.humanatlas.io/hra-releases/v1.4/docs/asct-b/asct-b-vh-lymph-vasculature.html	https://doi.org/10.48539/HBM738.GKLM.876
HBM928.WTVJ.677	https://entity.api.hubmapconsortium.org/redirect/HBM928.WTVJ.677	https://cdn.humanatlas.io/hra-releases/v1.4/docs/asct-b/asct-b-vh-main-bronchus.html	https://doi.org/10.48539/HBM928.WTVJ.677
HBM944.CLLD.594	https://entity.api.hubmapconsortium.org/redirect/HBM944.CLLD.594	https://cdn.humanatlas.io/hra-releases/v1.4/docs/asct-b/asct-b-vh-muscular-system.html	https://doi.org/10.48539/HBM944.CLLD.594
HBM869.WZFK.485	https://entity.api.hubmapconsortium.org/redirect/HBM869.WZFK.485	https://cdn.humanatlas.io/hra-releases/v1.4/docs/asct-b/asct-b-vh-spinal-cord.html	https://doi.org/10.48539/HBM869.WZFK.485
HBM233.TRCP.638	https://entity.api.hubmapconsortium.org/redirect/HBM233.TRCP.638	https://cdn.humanatlas.io/hra-releases/v1.4/docs/asct-b/asct-b-vh-skeleton.html	https://doi.org/10.48539/HBM233.TRCP.638
HBM245.PWLJ.489	https://entity.api.hubmapconsortium.org/redirect/HBM245.PWLJ.489	https://cdn.humanatlas.io/hra-releases/v1.4/docs/asct-b/asct-b-vh-trachea.html	https://doi.org/10.48539/HBM245.PWLJ.489
HBM283.BMNR.744	https://entity.api.hubmapconsortium.org/redirect/HBM283.BMNR.744	https://cdn.humanatlas.io/hra-releases/v2.0/docs/2d-ftu/2d-ftu-kidney-ascending-thin-loop-of-henle.html	https://doi.org/10.48539/HBM283.BMNR.744
HBM393.TPDS.347	https://entity.api.hubmapconsortium.org/redirect/HBM393.TPDS.347	https://cdn.humanatlas.io/hra-releases/v2.0/docs/2d-ftu/2d-ftu-kidney-cortical-collecting-duct.html	https://doi.org/10.48539/HBM393.TPDS.347
HBM979.XZTC.458	https://entity.api.hubmapconsortium.org/redirect/HBM979.XZTC.458	https://cdn.humanatlas.io/hra-releases/v2.0/docs/2d-ftu/2d-ftu-kidney-descending-thin-loop-of-henle.html	https://doi.org/10.48539/HBM979.XZTC.458
HBM844.DNLM.694	https://entity.api.hubmapconsortium.org/redirect/HBM844.DNLM.694	https://cdn.humanatlas.io/hra-releases/v2.0/docs/2d-ftu/2d-ftu-kidney-inner-medullary-collecting-duct.html	https://doi.org/10.48539/HBM844.DNLM.694
HBM927.DQNW.448	https://entity.api.hubmapconsortium.org/redirect/HBM927.DQNW.448	https://cdn.humanatlas.io/hra-releases/v2.0/docs/2d-ftu/2d-ftu-kidney-nephron.html	https://doi.org/10.48539/HBM927.DQNW.448
HBM586.NZGB.233	https://entity.api.hubmapconsortium.org/redirect/HBM586.NZGB.233	https://cdn.humanatlas.io/hra-releases/v2.0/docs/2d-ftu/2d-ftu-kidney-outer-medullary-collecting-duct.html	https://doi.org/10.48539/HBM586.NZGB.233
HBM778.SHGJ.294	https://entity.api.hubmapconsortium.org/redirect/HBM778.SHGJ.294	https://cdn.humanatlas.io/hra-releases/v2.0/docs/2d-ftu/2d-ftu-kidney-renal-corpuscle.html	https://doi.org/10.48539/HBM778.SHGJ.294
HBM962.FKXL.246	https://entity.api.hubmapconsortium.org/redirect/HBM962.FKXL.246	https://cdn.humanatlas.io/hra-releases/v2.0/docs/2d-ftu/2d-ftu-kidney-thick-ascending-loop-of-henle.html	https://doi.org/10.48539/HBM962.FKXL.246
HBM294.HJJZ.279	https://entity.api.hubmapconsortium.org/redirect/HBM294.HJJZ.279	https://cdn.humanatlas.io/hra-releases/v2.0/docs/2d-ftu/2d-ftu-large-intestine-crypt-lieberkuhn.html	https://doi.org/10.48539/HBM294.HJJZ.279
HBM866.VXKL.442	https://entity.api.hubmapconsortium.org/redirect/HBM866.VXKL.442	https://cdn.humanatlas.io/hra-releases/v2.0/docs/2d-ftu/2d-ftu-liver-liver-lobule.html	https://doi.org/10.48539/HBM866.VXKL.442
HBM537.LBGR.599	https://entity.api.hubmapconsortium.org/redirect/HBM537.LBGR.599	https://cdn.humanatlas.io/hra-releases/v2.0/docs/2d-ftu/2d-ftu-lung-bronchial-submucosal-gland.html	https://doi.org/10.48539/HBM537.LBGR.599
HBM993.HMQG.575	https://entity.api.hubmapconsortium.org/redirect/HBM993.HMQG.575	https://cdn.humanatlas.io/hra-releases/v2.0/docs/2d-ftu/2d-ftu-lung-pulmonary-alveolus.html	https://doi.org/10.48539/HBM993.HMQG.575
HBM774.RVFF.767	https://entity.api.hubmapconsortium.org/redirect/HBM774.RVFF.767	https://cdn.humanatlas.io/hra-releases/v2.0/docs/2d-ftu/2d-ftu-pancreas-intercalated-duct.html	https://doi.org/10.48539/HBM774.RVFF.767
HBM637.SFSW.654	https://entity.api.hubmapconsortium.org/redirect/HBM637.SFSW.654	https://cdn.humanatlas.io/hra-releases/v2.0/docs/2d-ftu/2d-ftu-pancreas-islets-langerhans.html	https://doi.org/10.48539/HBM637.SFSW.654
HBM535.ZQNL.537	https://entity.api.hubmapconsortium.org/redirect/HBM535.ZQNL.537	https://cdn.humanatlas.io/hra-releases/v2.0/docs/2d-ftu/2d-ftu-pancreas-pancreatic-acinus.html	https://doi.org/10.48539/HBM535.ZQNL.537
HBM347.TXWZ.899	https://entity.api.hubmapconsortium.org/redirect/HBM347.TXWZ.899	https://cdn.humanatlas.io/hra-releases/v2.0/docs/2d-ftu/2d-ftu-prostate-prostate-glandular-acinus.html	https://doi.org/10.48539/HBM347.TXWZ.899
HBM476.JQZD.394	https://entity.api.hubmapconsortium.org/redirect/HBM476.JQZD.394	https://cdn.humanatlas.io/hra-releases/v2.0/docs/2d-ftu/2d-ftu-skin-dermal-papilla.html	https://doi.org/10.48539/HBM476.JQZD.394
HBM574.WCKK.526	https://entity.api.hubmapconsortium.org/redirect/HBM574.WCKK.526	https://cdn.humanatlas.io/hra-releases/v2.0/docs/2d-ftu/2d-ftu-skin-epidermal-ridge.html	https://doi.org/10.48539/HBM574.WCKK.526
HBM974.XQDB.889	https://entity.api.hubmapconsortium.org/redirect/HBM974.XQDB.889	https://cdn.humanatlas.io/hra-releases/v2.0/docs/2d-ftu/2d-ftu-small-intestine-villus.html	https://doi.org/10.48539/HBM974.XQDB.889
HBM736.SGWK.646	https://entity.api.hubmapconsortium.org/redirect/HBM736.SGWK.646	https://cdn.humanatlas.io/hra-releases/v2.0/docs/2d-ftu/2d-ftu-spleen-red-pulp.html	https://doi.org/10.48539/HBM736.SGWK.646
HBM396.THKJ.523	https://entity.api.hubmapconsortium.org/redirect/HBM396.THKJ.523	https://cdn.humanatlas.io/hra-releases/v2.0/docs/2d-ftu/2d-ftu-spleen-white-pulp.html	https://doi.org/10.48539/HBM396.THKJ.523
HBM255.DBJW.679	https://entity.api.hubmapconsortium.org/redirect/HBM255.DBJW.679	https://cdn.humanatlas.io/hra-releases/v2.0/docs/2d-ftu/2d-ftu-thymus-thymus-lobule.html	https://doi.org/10.48539/HBM255.DBJW.679
HBM637.PWPQ.773	https://entity.api.hubmapconsortium.org/redirect/HBM637.PWPQ.773	https://cdn.humanatlas.io/hra-releases/v2.0/docs/2d-ftu/asct-b-2d-models-crosswalk.html	https://doi.org/10.48539/HBM637.PWPQ.773
HBM474.JXRC.885	https://entity.api.hubmapconsortium.org/redirect/HBM474.JXRC.885	https://cdn.humanatlas.io/hra-releases/v2.0/docs/asct-b/asct-b-allen-brain.html	https://doi.org/10.48539/HBM474.JXRC.885
HBM323.SHHZ.249	https://entity.api.hubmapconsortium.org/redirect/HBM323.SHHZ.249	https://cdn.humanatlas.io/hra-releases/v2.0/docs/asct-b/asct-b-vh-anatomical-systems.html	https://doi.org/10.48539/HBM323.SHHZ.249
HBM842.TTZN.256	https://entity.api.hubmapconsortium.org/redirect/HBM842.TTZN.256	https://cdn.humanatlas.io/hra-releases/v2.0/docs/asct-b/asct-b-vh-blood-vasculature.html	https://doi.org/10.48539/HBM842.TTZN.256
HBM322.NHHN.582	https://entity.api.hubmapconsortium.org/redirect/HBM322.NHHN.582	https://cdn.humanatlas.io/hra-releases/v2.0/docs/asct-b/asct-b-vh-bone-marrow.html	https://doi.org/10.48539/HBM322.NHHN.582
HBM368.FBRW.337	https://entity.api.hubmapconsortium.org/redirect/HBM368.FBRW.337	https://cdn.humanatlas.io/hra-releases/v2.0/docs/asct-b/asct-b-vh-fallopian-tube.html	https://doi.org/10.48539/HBM368.FBRW.337
HBM723.KFRP.582	https://entity.api.hubmapconsortium.org/redirect/HBM723.KFRP.582	https://cdn.humanatlas.io/hra-releases/v2.0/docs/asct-b/asct-b-vh-heart.html	https://doi.org/10.48539/HBM723.KFRP.582
HBM636.MXKP.682	https://entity.api.hubmapconsortium.org/redirect/HBM636.MXKP.682	https://cdn.humanatlas.io/hra-releases/v2.0/docs/asct-b/asct-b-vh-kidney.html	https://doi.org/10.48539/HBM636.MXKP.682
HBM992.DJRF.689	https://entity.api.hubmapconsortium.org/redirect/HBM992.DJRF.689	https://cdn.humanatlas.io/hra-releases/v2.0/docs/asct-b/asct-b-vh-knee.html	https://doi.org/10.48539/HBM992.DJRF.689
HBM449.XCGD.289	https://entity.api.hubmapconsortium.org/redirect/HBM449.XCGD.289	https://cdn.humanatlas.io/hra-releases/v2.0/docs/asct-b/asct-b-vh-liver.html	https://doi.org/10.48539/HBM449.XCGD.289
HBM823.VZGJ.394	https://entity.api.hubmapconsortium.org/redirect/HBM823.VZGJ.394	https://cdn.humanatlas.io/hra-releases/v2.0/docs/asct-b/asct-b-vh-lung.html	https://doi.org/10.48539/HBM823.VZGJ.394
HBM493.NGHW.438	https://entity.api.hubmapconsortium.org/redirect/HBM493.NGHW.438	https://cdn.humanatlas.io/hra-releases/v2.0/docs/asct-b/asct-b-vh-lymph-node.html	https://doi.org/10.48539/HBM493.NGHW.438
HBM836.BDKQ.873	https://entity.api.hubmapconsortium.org/redirect/HBM836.BDKQ.873	https://cdn.humanatlas.io/hra-releases/v2.0/docs/asct-b/asct-b-vh-lymph-vasculature.html	https://doi.org/10.48539/HBM836.BDKQ.873
HBM956.BBRC.928	https://entity.api.hubmapconsortium.org/redirect/HBM956.BBRC.928	https://cdn.humanatlas.io/hra-releases/v2.0/docs/asct-b/asct-b-vh-main-bronchus.html	https://doi.org/10.48539/HBM956.BBRC.928
HBM257.RSRQ.666	https://entity.api.hubmapconsortium.org/redirect/HBM257.RSRQ.666	https://cdn.humanatlas.io/hra-releases/v2.0/docs/asct-b/asct-b-vh-muscular-system.html	https://doi.org/10.48539/HBM257.RSRQ.666
HBM636.MRBJ.524	https://entity.api.hubmapconsortium.org/redirect/HBM636.MRBJ.524	https://cdn.humanatlas.io/hra-releases/v2.0/docs/asct-b/asct-b-vh-palatine-tonsil.copy.html	https://doi.org/10.48539/HBM636.MRBJ.524
HBM336.TBNP.923	https://entity.api.hubmapconsortium.org/redirect/HBM336.TBNP.923	https://cdn.humanatlas.io/hra-releases/v2.0/docs/asct-b/asct-b-vh-pancreas.html	https://doi.org/10.48539/HBM336.TBNP.923
HBM485.LHDL.857	https://entity.api.hubmapconsortium.org/redirect/HBM485.LHDL.857	https://cdn.humanatlas.io/hra-releases/v2.0/docs/asct-b/asct-b-vh-peripheral-nervous-system.html	https://doi.org/10.48539/HBM485.LHDL.857
HBM555.XTKB.342	https://entity.api.hubmapconsortium.org/redirect/HBM555.XTKB.342	https://cdn.humanatlas.io/hra-releases/v2.0/docs/asct-b/asct-b-vh-placenta-full-term.html	https://doi.org/10.48539/HBM555.XTKB.342
HBM542.LMZF.884	https://entity.api.hubmapconsortium.org/redirect/HBM542.LMZF.884	https://cdn.humanatlas.io/hra-releases/v2.0/docs/asct-b/asct-b-vh-prostate.html	https://doi.org/10.48539/HBM542.LMZF.884
HBM593.PPXD.633	https://entity.api.hubmapconsortium.org/redirect/HBM593.PPXD.633	https://cdn.humanatlas.io/hra-releases/v2.0/docs/asct-b/asct-b-vh-skeleton.html	https://doi.org/10.48539/HBM593.PPXD.633
HBM785.XBPB.444	https://entity.api.hubmapconsortium.org/redirect/HBM785.XBPB.444	https://cdn.humanatlas.io/hra-releases/v2.0/docs/asct-b/asct-b-vh-skin.html	https://doi.org/10.48539/HBM785.XBPB.444
HBM668.QPSF.678	https://entity.api.hubmapconsortium.org/redirect/HBM668.QPSF.678	https://cdn.humanatlas.io/hra-releases/v2.0/docs/asct-b/asct-b-vh-thymus.html	https://doi.org/10.48539/HBM668.QPSF.678
HBM525.KFGV.228	https://entity.api.hubmapconsortium.org/redirect/HBM525.KFGV.228	https://cdn.humanatlas.io/hra-releases/v2.0/docs/asct-b/blood-vasculature-organ-crosswalk.html	https://doi.org/10.48539/HBM525.KFGV.228
HBM387.DSQL.745	https://entity.api.hubmapconsortium.org/redirect/HBM387.DSQL.745	https://cdn.humanatlas.io/hra-releases/v2.0/docs/asct-b/musculoskeletal-crosswalk.html	https://doi.org/10.48539/HBM387.DSQL.745
HBM244.TNJG.649	https://entity.api.hubmapconsortium.org/redirect/HBM244.TNJG.649	https://cdn.humanatlas.io/hra-releases/v2.0/docs/omap/omap-2-intestine-codex.html	https://doi.org/10.48539/HBM244.TNJG.649
HBM542.NNZP.924	https://entity.api.hubmapconsortium.org/redirect/HBM542.NNZP.924	https://cdn.humanatlas.io/hra-releases/v2.0/docs/omap/omap-9-kidney-codex.html	https://doi.org/10.48539/HBM542.NNZP.924
HBM425.NDKM.969	https://entity.api.hubmapconsortium.org/redirect/HBM425.NDKM.969	https://cdn.humanatlas.io/hra-releases/v2.0/docs/ref-organs/3d-f-brain.html	https://doi.org/10.48539/HBM425.NDKM.969
HBM929.XKCL.339	https://entity.api.hubmapconsortium.org/redirect/HBM929.XKCL.339	https://cdn.humanatlas.io/hra-releases/v2.0/docs/ref-organs/3d-m-brain.html	https://doi.org/10.48539/HBM929.XKCL.339
HBM938.BRGC.644	https://entity.api.hubmapconsortium.org/redirect/HBM938.BRGC.644	https://cdn.humanatlas.io/hra-releases/v2.0/docs/ref-organs/3d-vh-f-pancreas.html	https://doi.org/10.48539/HBM938.BRGC.644
HBM352.BTSQ.586	https://entity.api.hubmapconsortium.org/redirect/HBM352.BTSQ.586	https://cdn.humanatlas.io/hra-releases/v2.0/docs/ref-organs/3d-vh-f-united.html	https://doi.org/10.48539/HBM352.BTSQ.586
HBM368.XMJZ.722	https://entity.api.hubmapconsortium.org/redirect/HBM368.XMJZ.722	https://cdn.humanatlas.io/hra-releases/v2.0/docs/ref-organs/3d-vh-m-pancreas.html	https://doi.org/10.48539/HBM368.XMJZ.722
HBM646.RKKC.257	https://entity.api.hubmapconsortium.org/redirect/HBM646.RKKC.257	https://cdn.humanatlas.io/hra-releases/v2.0/docs/ref-organs/3d-vh-m-united.html	https://doi.org/10.48539/HBM646.RKKC.257
HBM595.JNGT.446	https://entity.api.hubmapconsortium.org/redirect/HBM595.JNGT.446	https://cdn.humanatlas.io/hra-releases/v2.0/docs/ref-organs/asct-b-3d-models-crosswalk.html	https://doi.org/10.48539/HBM595.JNGT.446
HBM863.MPMP.647	https://entity.api.hubmapconsortium.org/redirect/HBM863.MPMP.647	https://cdn.humanatlas.io/hra-releases/v2.0/docs/vascular-geometry/blood-vasculature-geometry.html	https://doi.org/10.48539/HBM863.MPMP.647
