3d-vh-f-mammary-gland-l.glb	HBM378.VWZG.633
3d-vh-f-mammary-gland-r.glb	HBM989.SNHP.535
3d-vh-f-united.glb.zip	HBM245.CNSG.248
3d-vh-f-skin.glb	HBM466.LKPQ.876
asct-b-allen-brain.csv	HBM256.HGZN.489
asct-b-vh-blood-pelvis.csv	HBM785.CGSG.458
asct-b-vh-blood-vasculature.csv	HBM948.FMZR.475
asct-b-vh-bonemarrow-pelvis.csv	HBM846.XXGG.898
asct-b-vh-eye.csv	HBM762.WRRQ.394
asct-b-vh-heart.csv	HBM877.BTSR.898
asct-b-vh-large-intestine.csv	HBM243.ZZGL.262
asct-b-vh-lymph-vasculature.csv	HBM469.NHVB.448
asct-b-vh-ovary.csv	HBM878.KBTH.462
asct-b-vh-pancreas.csv	HBM975.BBTF.393
asct-b-vh-small-intestine.csv	HBM934.NJHF.526
asct-b-vh-spleen.csv	HBM763.QFRB.477
asct-b-vh-thymus.csv	HBM375.BJGD.993
asct-b-3d-models-mapping.csv	HBM766.SDNC.676
asct-b-2d-models-mapping.csv	HBM266.FLTT.686
2d-ftu-thymus-thymus-lobule.svg	HBM234.BXNR.636
2d-ftu-kidney-renal-corpuscle.svg	HBM848.QQPG.278
2d-ftu-lung-pulmonary-alveolus.svg	HBM638.QLQK.834
2d-ftu-prostate-prostate-glandular-acinus.svg	HBM873.RHXX.584
2d-ftu-kidney-nephron.svg	HBM868.LLHZ.223
2d-ftu-liver-liver-lobule.svg	HBM389.SXZQ.599
2d-ftu-pancreas-islets-langerhans.svg	HBM824.BJWG.292
2d-ftu-large-intestine-crypt-lieberkuhn.svg	HBM344.NWFX.797
2d-ftu-pancreas-pancreatic-acinus.svg	HBM627.NNCW.688
2d-ftu-kidney-cortical-collecting-duct.svg	HBM773.GJPC.954
2d-ftu-kidney-outer-medullary-collecting-duct.svg	HBM337.SZDB.254
2d-ftu-kidney-inner-medullary-collecting-duct.svg	HBM835.WLXG.458
2d-ftu-kidney-thick-ascending-loop-of-henle.svg	HBM856.XGXM.529
2d-ftu-kidney-descending-thin-loop-of-henle.svg	HBM752.FQRT.755
2d-ftu-kidney-ascending-thin-loop-of-henle.svg	HBM252.GXZL.248
2d-ftu-skin-dermal-papilla.svg	HBM444.SLHZ.335
2d-ftu-skin-epidermal-ridge.svg	HBM532.WTMJ.494
2d-ftu-lung-bronchial-submucosal-gland.svg	HBM438.ZJGP.747
2d-ftu-pancreas-intercalated-duct.svg	HBM458.HKKL.976
omap-1-human-lymph-node-ibex.csv	HBM674.DJKV.876
omap-2-intestine-codex.csv	HBM794.CSBJ.358
omap-3-kidney-codex.csv	HBM568.RMZB.377
omap-4-skin-cell-dive.csv	HBM577.SBHH.454
omap-5-liver-sims.csv	HBM495.QBSV.777
omap-6-pancreas-codex.csv	HBM868.XLTM.922
omap-7-lung-cell-dive.csv	HBM972.WHPW.455
